student_id,class_id,0
001824fb-a2fd-431d-aef6-7a1250d97a62,074123e7-cd90-4500-86fe-286aaa733bf5,274
0096491a-77bf-4e79-b906-fc7a8e5e57a6,b7489f46-1d28-4c69-9901-3fb8bf9b85a6,27
00fe5bb2-6b64-4a36-a706-eac4dc124ea7,51711479-441b-4c02-aef7-517aca63a53f,34
016e2fcf-0cc2-42ad-844d-e1057b5081cc,84444a0e-2905-46a8-bc93-5f566c0c1916,20
01805fac-7187-40e3-8a7e-1dda3c6c87f2,cc1ffb2e-5555-4109-8ad8-2d49cb54ad10,11
01916072-ae3f-4b46-b2b4-b0c22e16e5f6,6fbf5a0a-cf5d-4567-89b5-eb5c4a16c4ab,104
01bd8559-8276-4299-9ee4-248c4b4af2a9,074123e7-cd90-4500-86fe-286aaa733bf5,156
02b7468a-2c49-474d-8c6b-3188904fd85e,074123e7-cd90-4500-86fe-286aaa733bf5,65
03e91d96-b20b-4938-8e6f-69389ba9279b,b7489f46-1d28-4c69-9901-3fb8bf9b85a6,185
040852c0-3b9c-4fc6-8229-d7ba8264e9ce,afcb6b4e-a0c0-46ce-b38c-c96329c91471,47
041a771b-41cc-4b36-928d-ec321f918db5,6fbf5a0a-cf5d-4567-89b5-eb5c4a16c4ab,27
04347fe5-e55a-4adc-86f2-a156ddfcfc13,6fbf5a0a-cf5d-4567-89b5-eb5c4a16c4ab,548
045d0e87-585c-4126-a2c0-c744effb11b2,b7489f46-1d28-4c69-9901-3fb8bf9b85a6,51
046b8105-a127-496b-8af0-9fccd7d70dae,6fbf5a0a-cf5d-4567-89b5-eb5c4a16c4ab,378
05171e5f-ae7c-47c6-bcc8-72473067a82a,cc1ffb2e-5555-4109-8ad8-2d49cb54ad10,238
0556b794-cd80-4af6-8cfa-8055462c215a,074123e7-cd90-4500-86fe-286aaa733bf5,143
05588964-8577-4b9f-9a5e-ddb770184d3c,6fbf5a0a-cf5d-4567-89b5-eb5c4a16c4ab,407
059a058b-784a-4a5e-8688-11ee7c2dd5e7,074123e7-cd90-4500-86fe-286aaa733bf5,107
062f021e-8297-41e6-a8fe-54a382ab7404,074123e7-cd90-4500-86fe-286aaa733bf5,143
067a0c19-4dc2-4607-8fec-6f68d252990c,074123e7-cd90-4500-86fe-286aaa733bf5,175
0780b2c5-b260-4a31-816e-e91ce8b403a0,6fbf5a0a-cf5d-4567-89b5-eb5c4a16c4ab,222
0790387e-e285-442d-b660-a004d0a5a16f,84444a0e-2905-46a8-bc93-5f566c0c1916,8
08706d0e-b702-4d98-87a3-1e74641e1751,074123e7-cd90-4500-86fe-286aaa733bf5,27
08929fc3-2331-4c9a-bd15-68147ea87d01,84444a0e-2905-46a8-bc93-5f566c0c1916,30
0938d6c6-459e-4557-9d41-7e58d98ab90b,6fbf5a0a-cf5d-4567-89b5-eb5c4a16c4ab,381
0a1c6dbe-74fc-4984-9721-f301535753a4,b7489f46-1d28-4c69-9901-3fb8bf9b85a6,53
0a6935ab-2484-47c5-b4b5-f49a6da2b2be,84444a0e-2905-46a8-bc93-5f566c0c1916,51
0a6a20c0-bdb1-4033-a073-2bbab0c3a3ed,074123e7-cd90-4500-86fe-286aaa733bf5,21
0a8f8e66-5a3b-45c6-941b-ea77d27fd63f,6fbf5a0a-cf5d-4567-89b5-eb5c4a16c4ab,20
0ab0d3e5-2bdc-4631-94fd-78953d31c2d1,84444a0e-2905-46a8-bc93-5f566c0c1916,2
0ae6cad4-7e39-47ee-997d-eed75684e781,6fbf5a0a-cf5d-4567-89b5-eb5c4a16c4ab,2
0b20a3fe-7868-4115-ad82-eabccdd805c5,b7489f46-1d28-4c69-9901-3fb8bf9b85a6,461
0b46ee25-65cf-4992-85fb-506f26d03ab4,074123e7-cd90-4500-86fe-286aaa733bf5,212
0b87cfa5-9854-4af5-a61f-e1aff5e06583,84444a0e-2905-46a8-bc93-5f566c0c1916,11
0b8d2587-67f4-4338-ba00-b0ff02da2d84,6fbf5a0a-cf5d-4567-89b5-eb5c4a16c4ab,116
0bb07657-119e-447c-be08-a9bd9b17011e,6fbf5a0a-cf5d-4567-89b5-eb5c4a16c4ab,79
0bec2524-f134-42dc-a8b0-bd5d58b8a87a,6fbf5a0a-cf5d-4567-89b5-eb5c4a16c4ab,246
0c3da7ec-5600-4e50-95b1-1b0c26ca64d6,6fbf5a0a-cf5d-4567-89b5-eb5c4a16c4ab,72
0cd7e893-2332-4d5b-ad48-69ba32b28066,074123e7-cd90-4500-86fe-286aaa733bf5,187
0d0c8fe0-32a2-47c2-afbd-9c59e4d004eb,6fbf5a0a-cf5d-4567-89b5-eb5c4a16c4ab,214
0d5d3654-7d7e-4da2-aff1-fe5405dfca9d,6fbf5a0a-cf5d-4567-89b5-eb5c4a16c4ab,589
0d8dff90-f271-49ee-8e0e-cf7e83c7de61,074123e7-cd90-4500-86fe-286aaa733bf5,385
0e0a4b45-657e-467f-a409-ca92dbdb94f9,cc1ffb2e-5555-4109-8ad8-2d49cb54ad10,42
0e5cd67e-1632-4699-ae93-0e932ce95916,afcb6b4e-a0c0-46ce-b38c-c96329c91471,9
0e9e7143-75fc-47c4-8f64-00dd5ffd0146,074123e7-cd90-4500-86fe-286aaa733bf5,68
0ea94915-d0b7-4acc-821b-e49bf398de19,cc1ffb2e-5555-4109-8ad8-2d49cb54ad10,145
0efc83f1-e1eb-4080-a7b0-9ce092dfc211,cc1ffb2e-5555-4109-8ad8-2d49cb54ad10,43
0f109cdd-f04e-4799-9a83-39ccebf8b171,074123e7-cd90-4500-86fe-286aaa733bf5,261
0f122889-830d-40c1-a6f8-f432cb327190,074123e7-cd90-4500-86fe-286aaa733bf5,171
0f6a6ea8-cef4-4201-a8cb-c7b084f3485e,cc1ffb2e-5555-4109-8ad8-2d49cb54ad10,32
100961aa-70bb-4de4-acd1-223d23c9eb80,b7489f46-1d28-4c69-9901-3fb8bf9b85a6,95
107fff84-6401-493b-8b3e-d299622ba1db,84444a0e-2905-46a8-bc93-5f566c0c1916,71
1087ed4e-6fce-4bc8-b023-3a480891c00b,074123e7-cd90-4500-86fe-286aaa733bf5,223
108b5ee7-3cab-468b-b937-535d91da2fd5,312e145c-f6b8-4f25-a73e-4d9f5b5926c0,46
10e4b9e9-8872-4a8f-aad2-60f49150cf71,b7489f46-1d28-4c69-9901-3fb8bf9b85a6,9
11313a84-d5b6-4553-8386-5e307edc4081,6fbf5a0a-cf5d-4567-89b5-eb5c4a16c4ab,98
1132ab6f-8be6-441d-9be9-6b2eb0c1efe9,84444a0e-2905-46a8-bc93-5f566c0c1916,27
1132ab6f-8be6-441d-9be9-6b2eb0c1efe9,b7489f46-1d28-4c69-9901-3fb8bf9b85a6,58
1176e5ac-7664-4cb9-b834-d383a12a3d46,6fbf5a0a-cf5d-4567-89b5-eb5c4a16c4ab,19
1199445a-8ff0-4b86-bb37-a1e1420e32e9,6fbf5a0a-cf5d-4567-89b5-eb5c4a16c4ab,256
11e431e6-8a15-491b-9185-134929ce310a,51711479-441b-4c02-aef7-517aca63a53f,36
11eabd81-c391-4201-9c16-166286778096,cc1ffb2e-5555-4109-8ad8-2d49cb54ad10,119
123dedc6-dd89-4e59-bccd-159d458aef0f,6fbf5a0a-cf5d-4567-89b5-eb5c4a16c4ab,49
12c01de1-936e-4e1d-8ba4-c2297cd7689f,074123e7-cd90-4500-86fe-286aaa733bf5,178
12e97936-b9be-4df4-abb5-021d26168d34,6fbf5a0a-cf5d-4567-89b5-eb5c4a16c4ab,152
131ced2b-5c23-4143-a11b-dea1a963ed23,84444a0e-2905-46a8-bc93-5f566c0c1916,21
134b87d9-40b3-4a87-a966-86c514bd5602,51711479-441b-4c02-aef7-517aca63a53f,25
137a4084-3a85-4f71-bb4d-48285f770e51,6fbf5a0a-cf5d-4567-89b5-eb5c4a16c4ab,42
13c81022-6492-4e54-b7a0-68a399bc6433,312e145c-f6b8-4f25-a73e-4d9f5b5926c0,112
14f4f107-ea42-41e5-815a-a7ef8db92cd3,6fbf5a0a-cf5d-4567-89b5-eb5c4a16c4ab,92
153182bc-a8a2-4e03-ba68-4bfb996e3ff7,6fbf5a0a-cf5d-4567-89b5-eb5c4a16c4ab,188
1551d0fd-bc80-41eb-a71e-b2a05cf29520,074123e7-cd90-4500-86fe-286aaa733bf5,203
165b6f35-f4fe-441a-bfd2-05c63b73ccab,cc1ffb2e-5555-4109-8ad8-2d49cb54ad10,198
17158856-bcf5-4da2-9f41-babe54cb12af,6fbf5a0a-cf5d-4567-89b5-eb5c4a16c4ab,147
173dfe79-43ca-431c-be7d-1cdbba5bf5ea,074123e7-cd90-4500-86fe-286aaa733bf5,163
1742e351-d617-48ed-a58f-817488831bc0,b7489f46-1d28-4c69-9901-3fb8bf9b85a6,93
175dc771-9442-4269-9507-9066fa4650cc,cc1ffb2e-5555-4109-8ad8-2d49cb54ad10,19
17bfb3a1-48b1-4101-8377-3290e4da385b,84444a0e-2905-46a8-bc93-5f566c0c1916,1
17c657d1-b46f-4210-8bce-0dddc75aa486,afcb6b4e-a0c0-46ce-b38c-c96329c91471,58
17d3e2a1-84d9-48c5-9dde-af9f51f6b358,074123e7-cd90-4500-86fe-286aaa733bf5,47
17f56d3a-d8af-470d-809c-fb80f62a22ee,6fbf5a0a-cf5d-4567-89b5-eb5c4a16c4ab,189
18a7b7a0-28c5-4a79-a374-3ac32a9cc849,6fbf5a0a-cf5d-4567-89b5-eb5c4a16c4ab,186
18ae163d-cf8c-4d03-b467-aa477e8d0f87,afcb6b4e-a0c0-46ce-b38c-c96329c91471,3
19017d35-b2c1-4bef-9f93-d73e0342da4f,074123e7-cd90-4500-86fe-286aaa733bf5,49
197d9f4e-b8ad-4b5c-8024-34e1f54a94ac,6fbf5a0a-cf5d-4567-89b5-eb5c4a16c4ab,18
19b2917a-72dc-4b25-ade1-eae2c2c7c036,b7489f46-1d28-4c69-9901-3fb8bf9b85a6,86
1a9153c5-3b1e-48fb-8db2-41a2de91d3d2,6fbf5a0a-cf5d-4567-89b5-eb5c4a16c4ab,42
1acc1553-52fe-4140-af48-c16658cb5e1b,6fbf5a0a-cf5d-4567-89b5-eb5c4a16c4ab,176
1acec420-e195-4556-b6c8-a424596b23e2,51711479-441b-4c02-aef7-517aca63a53f,80
1aea0d20-fd7c-433e-a1dc-048c68ff6178,6fbf5a0a-cf5d-4567-89b5-eb5c4a16c4ab,66
1bacdb33-5165-44c1-9aa5-b6a904e6c463,6fbf5a0a-cf5d-4567-89b5-eb5c4a16c4ab,505
1bf8f1f2-fbdd-4e08-9f12-daa182d154c3,6fbf5a0a-cf5d-4567-89b5-eb5c4a16c4ab,63
1c5fe677-9b05-4cfd-a381-03878217adca,84444a0e-2905-46a8-bc93-5f566c0c1916,151
1cb385e6-8d9f-4bd2-9273-81c16e5d67d7,6fbf5a0a-cf5d-4567-89b5-eb5c4a16c4ab,107
1cd70566-0dbb-4bb3-9f76-0832b5bbf315,84444a0e-2905-46a8-bc93-5f566c0c1916,77
1d239009-b497-413e-b2fe-c1f3df618ab6,312e145c-f6b8-4f25-a73e-4d9f5b5926c0,45
1d4a6d2c-0cb1-4d19-9218-b673982e9f2f,6fbf5a0a-cf5d-4567-89b5-eb5c4a16c4ab,189
1d6d2704-de67-4e49-9c8b-9553abda092e,6fbf5a0a-cf5d-4567-89b5-eb5c4a16c4ab,346
1d9eb5b0-9ed8-4663-8c89-d611abb4764a,074123e7-cd90-4500-86fe-286aaa733bf5,172
1da62d3c-ed83-4847-b334-7b8708bee20c,cc1ffb2e-5555-4109-8ad8-2d49cb54ad10,116
1dbf5dbd-90b2-4162-985a-cd71d26a3dac,84444a0e-2905-46a8-bc93-5f566c0c1916,37
1ded6d19-2b2d-4955-abaa-22d1ff8bd64f,074123e7-cd90-4500-86fe-286aaa733bf5,251
1f183255-fecc-4589-818f-ce77bc1e90e1,074123e7-cd90-4500-86fe-286aaa733bf5,159
1f711810-5365-4ff2-9210-5a36d2d8f19d,84444a0e-2905-46a8-bc93-5f566c0c1916,39
1f7e8296-55e8-47aa-b58f-09044a03de3a,afcb6b4e-a0c0-46ce-b38c-c96329c91471,17
1ffdeda7-a010-430f-bbf3-05489f1d8891,074123e7-cd90-4500-86fe-286aaa733bf5,267
20a47775-9594-4800-9857-fd09633c561f,6fbf5a0a-cf5d-4567-89b5-eb5c4a16c4ab,481
20e49198-23eb-4330-8a5a-622754c7d65f,6fbf5a0a-cf5d-4567-89b5-eb5c4a16c4ab,63
21845586-ddf6-41ce-ae8a-e7f8083e0493,074123e7-cd90-4500-86fe-286aaa733bf5,539
21b7aa18-5d8b-4c13-a18a-ecf1096290b4,84444a0e-2905-46a8-bc93-5f566c0c1916,6
225b1e1b-0be9-41f8-bf33-ba578569437e,6fbf5a0a-cf5d-4567-89b5-eb5c4a16c4ab,238
232d4dac-2f36-44c8-877e-51fe078b6bf7,6fbf5a0a-cf5d-4567-89b5-eb5c4a16c4ab,168
245f9b99-4503-4d28-82a6-30bf20bf11ee,074123e7-cd90-4500-86fe-286aaa733bf5,377
24b3da09-3221-4815-bc63-e06064dd317a,6fbf5a0a-cf5d-4567-89b5-eb5c4a16c4ab,163
24e2c58f-6c2b-4586-b112-3d047d1182b4,cc1ffb2e-5555-4109-8ad8-2d49cb54ad10,36
2580dd08-e94c-43d1-a429-2e0d48533754,6fbf5a0a-cf5d-4567-89b5-eb5c4a16c4ab,144
26bd4867-1e47-41b9-a445-8dc78a9d3e89,074123e7-cd90-4500-86fe-286aaa733bf5,70
273fd020-5a5e-4ebd-954b-62fb11a91fb5,b7489f46-1d28-4c69-9901-3fb8bf9b85a6,31
275b4edb-e632-48f1-b476-1e98833aa148,cc1ffb2e-5555-4109-8ad8-2d49cb54ad10,45
277fca19-3296-46d0-9888-b03684436aab,074123e7-cd90-4500-86fe-286aaa733bf5,105
28c3f3ed-c351-4ca1-ab48-db690f7c0faa,312e145c-f6b8-4f25-a73e-4d9f5b5926c0,50
28e4c75f-3132-41ea-8cf4-4aa10444b189,84444a0e-2905-46a8-bc93-5f566c0c1916,42
293035f5-51cc-4aa8-b46d-a948cf96685e,6fbf5a0a-cf5d-4567-89b5-eb5c4a16c4ab,107
2a143097-ba72-43f4-b65a-9984df7cd033,6fbf5a0a-cf5d-4567-89b5-eb5c4a16c4ab,158
2b52c7c7-844f-4e84-9007-203a1b72e96b,074123e7-cd90-4500-86fe-286aaa733bf5,104
2b789b13-bf35-47ae-9191-f41718f13f75,074123e7-cd90-4500-86fe-286aaa733bf5,380
2bd05d07-acb9-4591-900f-80975081c561,84444a0e-2905-46a8-bc93-5f566c0c1916,158
2bd80059-216d-4dc4-a1e3-73d786a2453e,074123e7-cd90-4500-86fe-286aaa733bf5,179
2c03f56e-8add-44ed-9f02-60d7a2bffbff,b7489f46-1d28-4c69-9901-3fb8bf9b85a6,81
2c15f2ab-14d2-4139-9173-8ff6bb562cdd,84444a0e-2905-46a8-bc93-5f566c0c1916,148
2c63c3e4-e2c6-4347-9d8c-ea8e4df0159b,b7489f46-1d28-4c69-9901-3fb8bf9b85a6,151
2c7fceaf-a902-4900-8e76-5859fd99148b,b7489f46-1d28-4c69-9901-3fb8bf9b85a6,89
2c9559ea-5c7b-4c4b-a83c-6f0fdbc1cec5,074123e7-cd90-4500-86fe-286aaa733bf5,358
2cffa44a-cff4-40cc-9059-84792d4497b0,6fbf5a0a-cf5d-4567-89b5-eb5c4a16c4ab,169
2d150db2-ad60-48c9-914e-31d1b9bff9ad,84444a0e-2905-46a8-bc93-5f566c0c1916,6
2dfc80bd-d515-4d75-9316-f3ae6c49ef40,6fbf5a0a-cf5d-4567-89b5-eb5c4a16c4ab,26
2e2f4cdc-2ebc-432a-bfbd-0666164df7ea,6fbf5a0a-cf5d-4567-89b5-eb5c4a16c4ab,333
2e444aad-2394-4164-ab1f-14c5e537dd49,074123e7-cd90-4500-86fe-286aaa733bf5,138
2e7968fe-6970-4a4e-b800-0d38c88ae8e3,cc1ffb2e-5555-4109-8ad8-2d49cb54ad10,9
2eaa4c0a-5d55-473f-866d-78b9bf3eb5f2,51711479-441b-4c02-aef7-517aca63a53f,38
2ed350ca-ed46-4157-9383-52299f08733b,312e145c-f6b8-4f25-a73e-4d9f5b5926c0,166
2f429149-4815-40af-9308-3e26f0320822,b7489f46-1d28-4c69-9901-3fb8bf9b85a6,45
2fac0ab0-cfcb-43c0-8e38-d37ae54b3113,84444a0e-2905-46a8-bc93-5f566c0c1916,53
2fc4946a-75d8-4493-bea0-f40afde6e54f,6fbf5a0a-cf5d-4567-89b5-eb5c4a16c4ab,22
307d6460-4aad-4506-8a3e-070384b819aa,6fbf5a0a-cf5d-4567-89b5-eb5c4a16c4ab,143
308a0e52-a9e6-4075-a807-23efcc16337f,074123e7-cd90-4500-86fe-286aaa733bf5,87
30929ccd-7625-4d58-8e4a-005f264e5531,6fbf5a0a-cf5d-4567-89b5-eb5c4a16c4ab,562
30c74408-ef91-4d50-94c8-d344c5f7a637,51711479-441b-4c02-aef7-517aca63a53f,134
30d4954d-a288-4bb3-8686-848fcf779e72,074123e7-cd90-4500-86fe-286aaa733bf5,72
31d04217-5986-445f-b0f3-af0edab6f965,b7489f46-1d28-4c69-9901-3fb8bf9b85a6,2
32683ad9-2845-4977-9912-2c59bf0f6aa6,074123e7-cd90-4500-86fe-286aaa733bf5,116
32b124a8-3734-4004-8bc3-ea2c4f4ce36d,84444a0e-2905-46a8-bc93-5f566c0c1916,438
32cdbb0c-01ac-4957-8964-3d25816f5956,074123e7-cd90-4500-86fe-286aaa733bf5,138
33106cf9-22dc-45d0-847d-8465c6303a57,cc1ffb2e-5555-4109-8ad8-2d49cb54ad10,92
33300949-c6df-4999-b266-0ff79d3c9312,84444a0e-2905-46a8-bc93-5f566c0c1916,314
3343c3ec-3165-431e-b9e6-1d20371fcffb,074123e7-cd90-4500-86fe-286aaa733bf5,229
337bfb43-98da-411e-8b9c-ebafd73ddd31,6fbf5a0a-cf5d-4567-89b5-eb5c4a16c4ab,44
33d21fcb-bc6e-4146-ac50-17004c44ff5f,074123e7-cd90-4500-86fe-286aaa733bf5,28
34383adc-0a50-4373-a0fa-8854b479ae48,6fbf5a0a-cf5d-4567-89b5-eb5c4a16c4ab,21
347ce4d3-7eb0-4eae-8900-1065a95ed1c6,6fbf5a0a-cf5d-4567-89b5-eb5c4a16c4ab,144
348a0c3d-6062-4cb2-a3bf-04f71cd05396,b7489f46-1d28-4c69-9901-3fb8bf9b85a6,3
34a928bc-4d2c-49c5-8ce5-a016c5c5fbe0,074123e7-cd90-4500-86fe-286aaa733bf5,377
34de0a0e-977b-436f-bd70-ba43ce3b0d66,6fbf5a0a-cf5d-4567-89b5-eb5c4a16c4ab,192
34f9de03-1e4f-4703-b619-15c41718a7ad,6fbf5a0a-cf5d-4567-89b5-eb5c4a16c4ab,57
355c2813-f82c-431a-863d-cefa42c7fcf4,074123e7-cd90-4500-86fe-286aaa733bf5,171
358d4f94-b618-4413-865c-215a4e7d56e1,074123e7-cd90-4500-86fe-286aaa733bf5,160
366f90d2-b9d3-4c5c-b8ea-d9984ac0d056,b7489f46-1d28-4c69-9901-3fb8bf9b85a6,234
36ab9c21-a42d-4a3a-b5ac-0baead6c2eef,cc1ffb2e-5555-4109-8ad8-2d49cb54ad10,164
36bcaa9b-3795-4792-b720-93bb5e3dcbf9,6fbf5a0a-cf5d-4567-89b5-eb5c4a16c4ab,317
370cd518-6086-46fc-8be5-bf63e5ecc1a5,cc1ffb2e-5555-4109-8ad8-2d49cb54ad10,125
372f9f73-1634-4c2e-91e5-0200d0140995,84444a0e-2905-46a8-bc93-5f566c0c1916,4
37309374-d137-4976-93a8-a2f6b2734a98,312e145c-f6b8-4f25-a73e-4d9f5b5926c0,2
37b90d75-7b3d-41ac-8a7d-0cac72981a05,afcb6b4e-a0c0-46ce-b38c-c96329c91471,12
3891e21f-e2a2-4f4e-911a-870016b842cc,074123e7-cd90-4500-86fe-286aaa733bf5,108
38af660d-cea5-4df0-a669-5d9359c38aa8,312e145c-f6b8-4f25-a73e-4d9f5b5926c0,1
39294026-ddd1-4223-b5f9-8bc3bdccac20,074123e7-cd90-4500-86fe-286aaa733bf5,118
395f6fe8-4338-4326-b170-523bd6022f07,b7489f46-1d28-4c69-9901-3fb8bf9b85a6,11
3a09ad66-0c52-43a2-aaff-44fd7af38ab7,84444a0e-2905-46a8-bc93-5f566c0c1916,190
3a38e166-0ef2-4df3-831a-28c0135244e2,51711479-441b-4c02-aef7-517aca63a53f,15
3a408851-f3f3-4d3c-b465-15253d1c4add,cc1ffb2e-5555-4109-8ad8-2d49cb54ad10,67
3a5d2d6c-0efe-429b-b540-85c1c723496a,b7489f46-1d28-4c69-9901-3fb8bf9b85a6,241
3a7b7272-9521-4e8f-85bd-535724b521d4,6fbf5a0a-cf5d-4567-89b5-eb5c4a16c4ab,161
3ab59687-4a09-42bf-a03e-730f0302e54b,074123e7-cd90-4500-86fe-286aaa733bf5,152
3ad4babb-2a94-41ae-8324-f57717493a23,84444a0e-2905-46a8-bc93-5f566c0c1916,8
3b858662-1220-4f03-86d7-aba3efdf6973,312e145c-f6b8-4f25-a73e-4d9f5b5926c0,77
3ba3aaa3-202a-4ee9-8698-1d831c748364,074123e7-cd90-4500-86fe-286aaa733bf5,69
3bb9e215-bf93-4fcc-abdc-b5ca5f8fbd8a,84444a0e-2905-46a8-bc93-5f566c0c1916,291
3c527014-c635-41c0-9549-80b38bb99f08,b7489f46-1d28-4c69-9901-3fb8bf9b85a6,171
3cc14c3e-8586-4017-80c1-152954ebbe2a,074123e7-cd90-4500-86fe-286aaa733bf5,93
3d384708-5fbe-4afb-bfa2-8fabcec34065,6fbf5a0a-cf5d-4567-89b5-eb5c4a16c4ab,140
3d4010e1-ed99-4ab2-89ed-6c91e87269a6,074123e7-cd90-4500-86fe-286aaa733bf5,376
3dd4aa35-545c-4407-a09d-cfa47551a9b7,312e145c-f6b8-4f25-a73e-4d9f5b5926c0,5
3e1a9497-e04d-4c4a-9640-3f7ba0b7e3bf,074123e7-cd90-4500-86fe-286aaa733bf5,381
3e246b13-acc5-4a6c-a0dc-a34560ce332e,6fbf5a0a-cf5d-4567-89b5-eb5c4a16c4ab,108
3eb4f7c3-fab5-4e13-a1e8-e072d55efdc3,b7489f46-1d28-4c69-9901-3fb8bf9b85a6,31
3ed7d780-c857-486b-ae3f-38ae3a36aab3,cc1ffb2e-5555-4109-8ad8-2d49cb54ad10,61
3f29634b-ad6c-494a-8418-163116d6e327,84444a0e-2905-46a8-bc93-5f566c0c1916,45
3f29634b-ad6c-494a-8418-163116d6e327,b7489f46-1d28-4c69-9901-3fb8bf9b85a6,10
3f8bf65d-e966-43c9-9990-40b00f0e7f88,cc1ffb2e-5555-4109-8ad8-2d49cb54ad10,15
3fbc4545-089e-4958-8da0-187100e3126e,b7489f46-1d28-4c69-9901-3fb8bf9b85a6,190
40cb7bac-9983-4640-bf6b-0b8668288aba,074123e7-cd90-4500-86fe-286aaa733bf5,145
40e59c23-1bca-4385-96cc-cf655b1ef05c,6fbf5a0a-cf5d-4567-89b5-eb5c4a16c4ab,196
41191966-1987-45d8-8bf8-dd0952b88ff0,cc1ffb2e-5555-4109-8ad8-2d49cb54ad10,82
4129186d-2e95-4cd0-8e4d-35cbb8d2fd88,6fbf5a0a-cf5d-4567-89b5-eb5c4a16c4ab,504
41422302-20a7-417e-88ea-3b29631a418d,074123e7-cd90-4500-86fe-286aaa733bf5,541
4154c653-af69-49c0-9703-d46e445435a7,312e145c-f6b8-4f25-a73e-4d9f5b5926c0,34
4215e6c8-a500-4c45-94f0-3c6d60134908,074123e7-cd90-4500-86fe-286aaa733bf5,264
42b9ea17-f4b7-4170-a6b8-61cbcab6effd,84444a0e-2905-46a8-bc93-5f566c0c1916,18
437e3420-079b-4e80-91e1-332fca34535a,afcb6b4e-a0c0-46ce-b38c-c96329c91471,2
438b9ee0-8b9c-4d14-9ca7-4ba60c8cd1ae,6fbf5a0a-cf5d-4567-89b5-eb5c4a16c4ab,160
43d7e2c8-3067-481e-9fec-4a39e09dc09e,074123e7-cd90-4500-86fe-286aaa733bf5,104
43e05f52-8f8d-4802-9ae6-4a94f78e41cc,b7489f46-1d28-4c69-9901-3fb8bf9b85a6,195
44061a72-233f-4cdf-b4de-6bae342b0117,074123e7-cd90-4500-86fe-286aaa733bf5,47
44c0bbcc-770d-4534-90df-62c6345ae030,074123e7-cd90-4500-86fe-286aaa733bf5,181
44cb0e81-83b7-4fb1-91b1-7ec47b296af2,6fbf5a0a-cf5d-4567-89b5-eb5c4a16c4ab,98
450f11fa-40c9-4c47-8bbe-4d0652d4b208,84444a0e-2905-46a8-bc93-5f566c0c1916,222
45a6b32e-d1d3-415b-8c8b-1fa5edb165f0,cc1ffb2e-5555-4109-8ad8-2d49cb54ad10,138
4614c267-d2ba-4373-968b-49e0ba8cecda,84444a0e-2905-46a8-bc93-5f566c0c1916,38
4680cff9-c0b0-48c4-bf99-03ff8c189145,6fbf5a0a-cf5d-4567-89b5-eb5c4a16c4ab,110
46c04283-6397-46ee-865a-bfe125a5a8ab,b7489f46-1d28-4c69-9901-3fb8bf9b85a6,59
47399c23-4d05-45e7-8aec-a6ae136689e1,cc1ffb2e-5555-4109-8ad8-2d49cb54ad10,62
47707e7a-532d-4b31-ac59-13dfbee4c10d,074123e7-cd90-4500-86fe-286aaa733bf5,470
4781bdc8-4a5c-447d-9013-d7ec117c7621,6fbf5a0a-cf5d-4567-89b5-eb5c4a16c4ab,273
47c27253-3580-47e8-8129-0b54193a1079,074123e7-cd90-4500-86fe-286aaa733bf5,107
485190a8-8d92-4f26-9bd6-9ce41d9991ef,6fbf5a0a-cf5d-4567-89b5-eb5c4a16c4ab,69
4877fc0b-61be-404d-b1cf-bfa0e547feca,074123e7-cd90-4500-86fe-286aaa733bf5,384
48f140fc-2d28-4aee-9659-088199fde816,b7489f46-1d28-4c69-9901-3fb8bf9b85a6,1
49217ea8-b0fa-4fcc-ae49-c888b495971c,b7489f46-1d28-4c69-9901-3fb8bf9b85a6,241
495dd320-61a3-456a-bb26-f316b8508d42,6fbf5a0a-cf5d-4567-89b5-eb5c4a16c4ab,180
4a31f6e9-8f0a-4032-bc80-81192396eb65,cc1ffb2e-5555-4109-8ad8-2d49cb54ad10,134
4afc1bc7-4351-4cfc-80ff-a9c8264b6032,6fbf5a0a-cf5d-4567-89b5-eb5c4a16c4ab,159
4b5d0626-91ac-404f-813c-fd61b50bbf0b,074123e7-cd90-4500-86fe-286aaa733bf5,134
4ca965ca-1794-4f5f-a14a-4a0ba41137d3,074123e7-cd90-4500-86fe-286aaa733bf5,163
4cd103ce-34ea-4e50-aba6-55da4446e9ac,312e145c-f6b8-4f25-a73e-4d9f5b5926c0,226
4cda34a9-7321-406b-9846-c54194de1493,074123e7-cd90-4500-86fe-286aaa733bf5,123
4cfd0c06-1f36-4932-9336-6adaa36e4837,074123e7-cd90-4500-86fe-286aaa733bf5,147
4d6f482c-40e1-43f1-a1df-955b2b65f10b,84444a0e-2905-46a8-bc93-5f566c0c1916,90
4d71fbdb-e79f-4f55-9e46-368bb9f5125f,cc1ffb2e-5555-4109-8ad8-2d49cb54ad10,183
4d8e9290-a3ef-40da-9e8c-8fadba3763ee,6fbf5a0a-cf5d-4567-89b5-eb5c4a16c4ab,360
4dcb8d10-39f5-4ef7-af81-70fea2b1f4aa,afcb6b4e-a0c0-46ce-b38c-c96329c91471,17
4f025cde-00fb-4c70-907f-5106446d9b5b,074123e7-cd90-4500-86fe-286aaa733bf5,70
4f27318c-28be-41b2-875e-41fc015ac55f,6fbf5a0a-cf5d-4567-89b5-eb5c4a16c4ab,183
4f373008-0898-4283-be66-e9bf89e291c5,b7489f46-1d28-4c69-9901-3fb8bf9b85a6,12
4f641e9f-c36e-4afa-9043-3e5ab287201c,074123e7-cd90-4500-86fe-286aaa733bf5,196
4f84d0f8-cb62-4a7b-9332-04b673df9c7b,6fbf5a0a-cf5d-4567-89b5-eb5c4a16c4ab,261
4fc80ccb-abec-4e1f-97c7-0e95d7ca23be,312e145c-f6b8-4f25-a73e-4d9f5b5926c0,221
5002f493-af15-41ef-9e09-ac32beb6a5ca,074123e7-cd90-4500-86fe-286aaa733bf5,151
5097b903-de35-4707-8c2c-bbffcabc989e,074123e7-cd90-4500-86fe-286aaa733bf5,261
5098bdf5-4c55-4c17-be39-21bd88ad1a2b,51711479-441b-4c02-aef7-517aca63a53f,37
5113ed43-1e87-4dbb-a5c5-79107a25282f,b7489f46-1d28-4c69-9901-3fb8bf9b85a6,10
512c61af-7f5f-45ca-a098-1c5497c39e41,cc1ffb2e-5555-4109-8ad8-2d49cb54ad10,174
52e06937-6b52-45f4-8ad9-974a9efc0df0,b7489f46-1d28-4c69-9901-3fb8bf9b85a6,13
52e0fc28-df3c-4e31-b874-2883205cf82d,84444a0e-2905-46a8-bc93-5f566c0c1916,213
533b6bfb-161e-4f88-b021-f10efb3ffe5a,6fbf5a0a-cf5d-4567-89b5-eb5c4a16c4ab,150
5366fd5d-8560-4a7a-ab1d-6cd27ed96bef,6fbf5a0a-cf5d-4567-89b5-eb5c4a16c4ab,259
53af77c6-6730-4c74-beb0-f717439e6e5a,074123e7-cd90-4500-86fe-286aaa733bf5,39
53c08c3d-b68d-45a0-805e-3b0db297ad5e,6fbf5a0a-cf5d-4567-89b5-eb5c4a16c4ab,49
53c957b3-2a8e-4ea9-973c-534b5e540b74,074123e7-cd90-4500-86fe-286aaa733bf5,65
53d912d0-26ce-4cde-974f-e62c2f5b2508,cc1ffb2e-5555-4109-8ad8-2d49cb54ad10,240
53f3a54c-37ba-49c0-a9eb-a9b1734c1853,074123e7-cd90-4500-86fe-286aaa733bf5,115
54b9a196-bf34-446e-aa58-2c8ae7c379f3,074123e7-cd90-4500-86fe-286aaa733bf5,169
54d593c4-42f4-4476-aa32-92093979d1fa,074123e7-cd90-4500-86fe-286aaa733bf5,46
54dcc1b6-74a9-48d4-9658-a276c93bb401,cc1ffb2e-5555-4109-8ad8-2d49cb54ad10,138
560a4100-dbf4-42e6-aa49-86db35320b8e,b7489f46-1d28-4c69-9901-3fb8bf9b85a6,120
560cf88d-8298-490b-a2ac-643d378fd71c,6fbf5a0a-cf5d-4567-89b5-eb5c4a16c4ab,113
564809f9-883b-4dfc-a9f9-2db11f35e903,074123e7-cd90-4500-86fe-286aaa733bf5,19
5679343a-0074-485e-b581-50c686e07df7,074123e7-cd90-4500-86fe-286aaa733bf5,39
56ae0642-57df-413a-a7f9-a1fa447a80e5,074123e7-cd90-4500-86fe-286aaa733bf5,230
56ef57c9-9058-4a17-89b1-cf1659def9fa,6fbf5a0a-cf5d-4567-89b5-eb5c4a16c4ab,149
5809f204-48e7-4dff-bc92-d22986d01459,cc1ffb2e-5555-4109-8ad8-2d49cb54ad10,107
59b07328-38b7-4b5e-93f2-66e5a0e82fe9,074123e7-cd90-4500-86fe-286aaa733bf5,53
59cceed8-0eb0-42c6-914e-2088836cc883,6fbf5a0a-cf5d-4567-89b5-eb5c4a16c4ab,383
59e75bfd-5fb6-4f45-8c42-3c33f1183be1,6fbf5a0a-cf5d-4567-89b5-eb5c4a16c4ab,205
59e8ae59-a35e-4acc-a2ee-30d0655d63e8,074123e7-cd90-4500-86fe-286aaa733bf5,13
5a841d94-fdce-435b-a77a-3105bfc2c8c9,074123e7-cd90-4500-86fe-286aaa733bf5,106
5aa3b51f-7d60-4b8b-805e-9037f7e2f482,b7489f46-1d28-4c69-9901-3fb8bf9b85a6,63
5b4a3e41-75c8-48e3-be17-050d8cae6eb7,cc1ffb2e-5555-4109-8ad8-2d49cb54ad10,40
5b4ab2da-021d-41fa-9e41-26c9fe619a91,cc1ffb2e-5555-4109-8ad8-2d49cb54ad10,35
5cdc61be-6114-4372-a148-322e72dba5c4,074123e7-cd90-4500-86fe-286aaa733bf5,508
5dc810a4-e728-46ad-93ef-fc87806c3513,afcb6b4e-a0c0-46ce-b38c-c96329c91471,29
5e037301-b06b-4b91-896b-fa411d055f7e,51711479-441b-4c02-aef7-517aca63a53f,39
5e159a97-62b3-4234-9b9d-baf15ef2d596,84444a0e-2905-46a8-bc93-5f566c0c1916,160
5e3690be-efdc-4ec2-ba85-0b6600e39ec5,cc1ffb2e-5555-4109-8ad8-2d49cb54ad10,267
5e4b7326-0a56-4ffe-bd53-2db13625527b,cc1ffb2e-5555-4109-8ad8-2d49cb54ad10,61
5e557078-7767-449d-8a32-d96e63b86de0,6fbf5a0a-cf5d-4567-89b5-eb5c4a16c4ab,10
5e7880cb-91bd-4655-9e94-b1294edee895,cc1ffb2e-5555-4109-8ad8-2d49cb54ad10,150
5ebbeac6-de5e-40ca-a390-29004251c918,b7489f46-1d28-4c69-9901-3fb8bf9b85a6,78
5f61c579-eaf0-4acd-ab54-b4143887a30e,074123e7-cd90-4500-86fe-286aaa733bf5,167
5f6e4983-9173-4b7b-a93d-f713963d99d1,6fbf5a0a-cf5d-4567-89b5-eb5c4a16c4ab,68
5f7aee38-fac6-4ddb-9c0f-38a5e2706d66,84444a0e-2905-46a8-bc93-5f566c0c1916,14
5f7fe619-a646-4f06-8f8c-fcf4dc9270c7,6fbf5a0a-cf5d-4567-89b5-eb5c4a16c4ab,261
5fc0621f-9895-4182-b4ad-33c0cc8cd95d,cc1ffb2e-5555-4109-8ad8-2d49cb54ad10,295
5febea77-bb32-4dce-aecb-dac8b050b5e0,6fbf5a0a-cf5d-4567-89b5-eb5c4a16c4ab,80
60e2b0e7-5d29-4b7e-82c4-cdb72b173db1,84444a0e-2905-46a8-bc93-5f566c0c1916,49
60ecb44a-0a36-4702-9cf4-1f390aba2dca,6fbf5a0a-cf5d-4567-89b5-eb5c4a16c4ab,137
60f51346-9058-4834-b375-c08f3dc4ba9c,afcb6b4e-a0c0-46ce-b38c-c96329c91471,15
60f83e2f-c512-4b21-afc6-5d12a1eeab3d,074123e7-cd90-4500-86fe-286aaa733bf5,285
610857b3-a742-4af0-8cc0-897fddc80cff,b7489f46-1d28-4c69-9901-3fb8bf9b85a6,97
615748d3-3c61-4109-bcb7-912115d97be6,074123e7-cd90-4500-86fe-286aaa733bf5,77
61fd0a4d-35bc-41a3-978b-24dce7b5a61b,84444a0e-2905-46a8-bc93-5f566c0c1916,112
6283ab65-ed00-401a-b069-4fc094184c8f,cc1ffb2e-5555-4109-8ad8-2d49cb54ad10,40
632f90dc-80f8-4f1d-92af-ab39fe662d7a,6fbf5a0a-cf5d-4567-89b5-eb5c4a16c4ab,63
6356640f-aa58-4e2c-90c4-0c4c0210befe,cc1ffb2e-5555-4109-8ad8-2d49cb54ad10,122
646acd2f-5a8b-4629-b753-faff3ff49b8c,6fbf5a0a-cf5d-4567-89b5-eb5c4a16c4ab,85
64cba20c-e41b-4ae5-9650-150e8002a21f,074123e7-cd90-4500-86fe-286aaa733bf5,98
64de2798-5534-4ef8-8254-6d3bcf8d2008,cc1ffb2e-5555-4109-8ad8-2d49cb54ad10,146
64ed7295-bb8c-40c4-88b0-512a952d4b2b,6fbf5a0a-cf5d-4567-89b5-eb5c4a16c4ab,349
6531d556-ea38-4759-8f8a-d1553b425fb3,6fbf5a0a-cf5d-4567-89b5-eb5c4a16c4ab,239
653e6827-e921-44ec-9026-6cc033023e5c,6fbf5a0a-cf5d-4567-89b5-eb5c4a16c4ab,189
65a19fd5-102f-4aae-8191-f49d96b3a530,074123e7-cd90-4500-86fe-286aaa733bf5,133
663f264a-cf9d-47cd-83c9-866f5a2c3fae,074123e7-cd90-4500-86fe-286aaa733bf5,114
6667aef8-ac61-4a6c-9a0b-8435a77795e1,84444a0e-2905-46a8-bc93-5f566c0c1916,97
667f325c-12ee-4b85-807c-fe69fa3d92bb,074123e7-cd90-4500-86fe-286aaa733bf5,73
6893aae9-5c6f-4813-b228-2770aeb4195e,6fbf5a0a-cf5d-4567-89b5-eb5c4a16c4ab,127
68e7e365-19e4-4645-aa01-c605ffe1ff1b,074123e7-cd90-4500-86fe-286aaa733bf5,142
68f0cd94-0fc9-4733-af79-c26a9fb29cb8,312e145c-f6b8-4f25-a73e-4d9f5b5926c0,132
691ba2d2-b3f9-4ded-b51c-231bdc0790da,84444a0e-2905-46a8-bc93-5f566c0c1916,174
6a67118c-763b-4d96-bc16-6bd2d9e4a181,cc1ffb2e-5555-4109-8ad8-2d49cb54ad10,10
6aadaa77-beb5-4ca5-8471-92be16964143,074123e7-cd90-4500-86fe-286aaa733bf5,384
6ac33fb4-6411-4e4e-b1bf-8d778b006a4f,b7489f46-1d28-4c69-9901-3fb8bf9b85a6,71
6b1d53f2-d69a-4a64-b5e1-8329244c99e5,074123e7-cd90-4500-86fe-286aaa733bf5,141
6b86866b-affa-42c6-852d-6e9c86b59e41,cc1ffb2e-5555-4109-8ad8-2d49cb54ad10,45
6b8d3a30-7ae3-439e-a181-faabe152bc35,84444a0e-2905-46a8-bc93-5f566c0c1916,1
6bd1dc69-3196-46af-a421-69d054357094,074123e7-cd90-4500-86fe-286aaa733bf5,234
6c0b35a4-96cd-44c4-a36d-c22abffdd8b1,074123e7-cd90-4500-86fe-286aaa733bf5,262
6c66b350-ed7e-4308-a217-4d3d4b663a12,6fbf5a0a-cf5d-4567-89b5-eb5c4a16c4ab,44
6ca12c7c-cd3b-433b-92c2-02ccd38a675f,51711479-441b-4c02-aef7-517aca63a53f,58
6ccfb911-f5cb-4026-a8b5-46174a2aa441,b7489f46-1d28-4c69-9901-3fb8bf9b85a6,85
6d365d65-c3c4-4e33-b0ff-fe3acdfa8caa,6fbf5a0a-cf5d-4567-89b5-eb5c4a16c4ab,207
6d74553f-f6d1-4599-9e5d-a57b79ec695a,b7489f46-1d28-4c69-9901-3fb8bf9b85a6,145
6dd04f72-f581-495b-9348-d14b54864f0b,84444a0e-2905-46a8-bc93-5f566c0c1916,124
6dd0a001-2384-485e-aef8-5c8b613a8c70,074123e7-cd90-4500-86fe-286aaa733bf5,37
6e4cb01a-c36f-4819-a271-aec0a86ca6bb,6fbf5a0a-cf5d-4567-89b5-eb5c4a16c4ab,300
6ea8c663-f593-478b-b800-7f882c6cde32,074123e7-cd90-4500-86fe-286aaa733bf5,184
6fe13614-68c3-47eb-9251-3d45afe8ebe6,074123e7-cd90-4500-86fe-286aaa733bf5,36
70079841-4c72-4ba6-815a-25865a36611f,6fbf5a0a-cf5d-4567-89b5-eb5c4a16c4ab,129
700f3799-7977-438d-9e4b-68d1697a5887,6fbf5a0a-cf5d-4567-89b5-eb5c4a16c4ab,175
701e59df-af3e-467f-ae54-e461659b5ff3,cc1ffb2e-5555-4109-8ad8-2d49cb54ad10,145
70340dca-cd35-4cd7-a243-7b487fe25507,84444a0e-2905-46a8-bc93-5f566c0c1916,21
709ced54-a3af-4a6c-b28d-977589b00585,6fbf5a0a-cf5d-4567-89b5-eb5c4a16c4ab,102
70afecbb-1632-4ad5-9a57-df7338c10fa1,cc1ffb2e-5555-4109-8ad8-2d49cb54ad10,36
712f9962-fc6c-404a-b7cf-bc0dc69ce915,074123e7-cd90-4500-86fe-286aaa733bf5,179
716e8830-dd0c-46af-8dac-e1d417f716e4,6fbf5a0a-cf5d-4567-89b5-eb5c4a16c4ab,168
72055b9c-8b49-4f17-87f8-ffd5fea5f33d,6fbf5a0a-cf5d-4567-89b5-eb5c4a16c4ab,247
721e4663-3512-4a43-92de-2b542d3f56f2,51711479-441b-4c02-aef7-517aca63a53f,34
7258a4d9-3c15-49e0-a185-713f9f04510a,074123e7-cd90-4500-86fe-286aaa733bf5,476
727d4bc4-44cc-435c-9e89-3c6a12e4ac82,312e145c-f6b8-4f25-a73e-4d9f5b5926c0,509
72d650dc-dbb1-4cb6-ba9f-7387ac0070f8,51711479-441b-4c02-aef7-517aca63a53f,20
72eb6f58-68f2-43b2-be4d-8a22e8495bcc,84444a0e-2905-46a8-bc93-5f566c0c1916,1
732a98eb-acc8-4ba7-adaf-49bed3a1b0c7,6fbf5a0a-cf5d-4567-89b5-eb5c4a16c4ab,180
740bfd32-e162-480f-b824-e4877ef945c9,cc1ffb2e-5555-4109-8ad8-2d49cb54ad10,42
74694008-9db4-4a71-b0ea-ddb5d7c77bae,074123e7-cd90-4500-86fe-286aaa733bf5,286
74997142-57dd-4103-9666-f7c3e8b8a49b,6fbf5a0a-cf5d-4567-89b5-eb5c4a16c4ab,234
7500f36f-bd3f-4c70-bffb-6a961483bff3,84444a0e-2905-46a8-bc93-5f566c0c1916,27
7535ba88-d131-4eee-b392-36f5e11c85ce,6fbf5a0a-cf5d-4567-89b5-eb5c4a16c4ab,78
753d3666-c42d-4259-84e5-ef28bdad579d,6fbf5a0a-cf5d-4567-89b5-eb5c4a16c4ab,154
75700c66-c480-4352-a418-bef060a7347f,84444a0e-2905-46a8-bc93-5f566c0c1916,17
7586f20a-8b0e-4467-8280-f68cbd64d1b0,51711479-441b-4c02-aef7-517aca63a53f,41
75cee9e5-dc27-4fa6-984b-9ba9a8e97d43,074123e7-cd90-4500-86fe-286aaa733bf5,152
75e3073c-c40d-4139-980f-4aa5204dd152,afcb6b4e-a0c0-46ce-b38c-c96329c91471,68
75ea7e17-f832-4aa5-a225-4dbe88b5b6c6,84444a0e-2905-46a8-bc93-5f566c0c1916,183
767e793e-dca8-4a49-92c8-2cdfa6a13125,074123e7-cd90-4500-86fe-286aaa733bf5,92
76941479-bd6c-4398-a251-7296cc88de66,6fbf5a0a-cf5d-4567-89b5-eb5c4a16c4ab,71
76af68d5-e40e-46a3-89ef-3a958fc4fbd4,6fbf5a0a-cf5d-4567-89b5-eb5c4a16c4ab,48
774ccb7d-0c00-40dc-a16a-aa5bfb1f962f,6fbf5a0a-cf5d-4567-89b5-eb5c4a16c4ab,110
7768eca6-5712-4260-a419-b34cc3466988,cc1ffb2e-5555-4109-8ad8-2d49cb54ad10,141
778d5a98-b432-422f-be7f-b3ae52d3e205,074123e7-cd90-4500-86fe-286aaa733bf5,165
78a6df60-886f-4139-ba28-c0ad7dcd8af4,6fbf5a0a-cf5d-4567-89b5-eb5c4a16c4ab,85
78b4732e-a7ad-4598-b15e-1517f19bb01c,cc1ffb2e-5555-4109-8ad8-2d49cb54ad10,121
78ccab12-8733-4772-a2e0-17c7e68a69d6,074123e7-cd90-4500-86fe-286aaa733bf5,43
79641271-c823-4b59-a05f-912520e9dff2,84444a0e-2905-46a8-bc93-5f566c0c1916,3
7a2cff82-cc76-44d0-bba7-0c8952982990,074123e7-cd90-4500-86fe-286aaa733bf5,140
7adcd997-ab57-4421-9a79-4110fc610064,b7489f46-1d28-4c69-9901-3fb8bf9b85a6,94
7b001cae-b5d1-4d8e-82e9-c5accb7afddb,6fbf5a0a-cf5d-4567-89b5-eb5c4a16c4ab,81
7c3ce3b6-4bc9-4b89-b340-42dc93b673dd,84444a0e-2905-46a8-bc93-5f566c0c1916,37
7c6df630-104f-4a96-a94f-1f5a177db42f,074123e7-cd90-4500-86fe-286aaa733bf5,126
7d02e341-1c77-4e45-85ac-3192de8ba41c,6fbf5a0a-cf5d-4567-89b5-eb5c4a16c4ab,225
7d467286-5c8a-40db-ace7-9f15e7f97d4d,074123e7-cd90-4500-86fe-286aaa733bf5,183
7d7a5092-b244-44a2-a776-3bb2c8d5a80f,074123e7-cd90-4500-86fe-286aaa733bf5,123
7d8f4e24-9586-487b-9a94-c8f2f4f495f2,b7489f46-1d28-4c69-9901-3fb8bf9b85a6,136
7dc54be7-94e0-40a1-8ce7-c56dfdcd46e8,074123e7-cd90-4500-86fe-286aaa733bf5,471
7de2d2cb-7745-496b-a64d-caf5c42df673,074123e7-cd90-4500-86fe-286aaa733bf5,81
7e2d3175-6af5-4ffe-9bc5-786069938b95,074123e7-cd90-4500-86fe-286aaa733bf5,223
7e52b405-6a60-4998-aff7-3d128f167522,074123e7-cd90-4500-86fe-286aaa733bf5,156
7e7016d4-1006-4fe0-b193-8fbe37e27f1c,cc1ffb2e-5555-4109-8ad8-2d49cb54ad10,84
7ea35ae6-4aee-4c17-b96a-e1ecb27f2b42,6fbf5a0a-cf5d-4567-89b5-eb5c4a16c4ab,375
80842557-52ff-482c-8c45-f3d7afffe326,b7489f46-1d28-4c69-9901-3fb8bf9b85a6,100
80d892f2-a5b2-40f7-bc99-7fce2927c050,6fbf5a0a-cf5d-4567-89b5-eb5c4a16c4ab,92
814d4ae6-c978-412e-9328-6db228688bfd,51711479-441b-4c02-aef7-517aca63a53f,22
8160e46d-c8a2-491f-9512-2640cb2e6962,afcb6b4e-a0c0-46ce-b38c-c96329c91471,339
8181343d-1439-431e-b509-a51048e05b37,b7489f46-1d28-4c69-9901-3fb8bf9b85a6,10
823b7a4d-4a72-468d-b7c8-79ebae3ad901,6fbf5a0a-cf5d-4567-89b5-eb5c4a16c4ab,86
8285fc1e-5f9f-41c7-a232-8b1dc28d3bf3,312e145c-f6b8-4f25-a73e-4d9f5b5926c0,72
82a3e3eb-3f80-48b6-a55c-986cc1d0a709,074123e7-cd90-4500-86fe-286aaa733bf5,135
835ff6fc-5a7f-4ec4-9726-1b8da712566e,074123e7-cd90-4500-86fe-286aaa733bf5,35
8380ec3e-2ae9-4551-b44a-376b5b79929b,074123e7-cd90-4500-86fe-286aaa733bf5,164
8393fae8-6d81-4b28-b9ba-966d84db8871,84444a0e-2905-46a8-bc93-5f566c0c1916,178
83df1b22-c83a-4412-8e27-1c113bd17907,6fbf5a0a-cf5d-4567-89b5-eb5c4a16c4ab,75
8435c505-a8b7-46ec-a379-6107b98975d6,6fbf5a0a-cf5d-4567-89b5-eb5c4a16c4ab,22
8469aae4-4daa-45ae-b704-979820e9fd7b,074123e7-cd90-4500-86fe-286aaa733bf5,40
8476c87b-dc78-41cc-beb0-0d278e230671,074123e7-cd90-4500-86fe-286aaa733bf5,94
84849c39-86b2-48b1-a02e-b3bb87608911,6fbf5a0a-cf5d-4567-89b5-eb5c4a16c4ab,156
84d03ae8-5bab-44e9-8749-1e03a0dd119e,84444a0e-2905-46a8-bc93-5f566c0c1916,334
85c88699-88c8-4566-af46-fc92d9fc03e6,cc1ffb2e-5555-4109-8ad8-2d49cb54ad10,46
85d5058c-53e9-49b1-8475-d3df2336b0ff,074123e7-cd90-4500-86fe-286aaa733bf5,71
85e52571-31b7-41a0-9041-101582311b60,074123e7-cd90-4500-86fe-286aaa733bf5,238
8610edae-2fee-48a5-90c2-afbab582cee0,84444a0e-2905-46a8-bc93-5f566c0c1916,271
86344652-e67c-4176-a415-0839cc2e434d,b7489f46-1d28-4c69-9901-3fb8bf9b85a6,50
867d48b1-f8a5-4ef2-bac5-0e1da8503abe,074123e7-cd90-4500-86fe-286aaa733bf5,188
86de5b46-bf9e-4599-b49f-5703a555444f,51711479-441b-4c02-aef7-517aca63a53f,71
87218475-06a0-4e59-a126-3a36038d5ac2,074123e7-cd90-4500-86fe-286aaa733bf5,211
87256cb8-ac47-4b25-8053-8e33b66f7b3d,312e145c-f6b8-4f25-a73e-4d9f5b5926c0,48
872878c3-0678-43e8-87c4-2bdd6dabd616,074123e7-cd90-4500-86fe-286aaa733bf5,38
8746989a-5b4f-454d-a185-7fb0b9411e3f,cc1ffb2e-5555-4109-8ad8-2d49cb54ad10,189
878de5a3-0bbd-4729-afe6-bb256d78294d,074123e7-cd90-4500-86fe-286aaa733bf5,183
87b6b118-78ff-4c14-bd1f-f56749b9ed26,6fbf5a0a-cf5d-4567-89b5-eb5c4a16c4ab,193
87e900ef-2b38-4f28-b440-100eccf6b449,84444a0e-2905-46a8-bc93-5f566c0c1916,68
882f55fd-273b-4df7-bd91-4eb3a246d0ab,84444a0e-2905-46a8-bc93-5f566c0c1916,130
889c4a38-2b90-4a65-8399-68268cb28928,6fbf5a0a-cf5d-4567-89b5-eb5c4a16c4ab,83
88a982b7-be6d-471e-b943-60b4be63cf23,6fbf5a0a-cf5d-4567-89b5-eb5c4a16c4ab,268
89358acb-5da6-40d0-8c55-5c72dbc12338,312e145c-f6b8-4f25-a73e-4d9f5b5926c0,7
89e63a63-feee-4f24-87ac-da918be19776,074123e7-cd90-4500-86fe-286aaa733bf5,187
89f364a8-6a52-449b-9703-8691b79a6f03,074123e7-cd90-4500-86fe-286aaa733bf5,31
8aa3778d-f817-45f0-8a76-c611a9f763a3,b7489f46-1d28-4c69-9901-3fb8bf9b85a6,10
8aa4ee9e-ca6d-459d-97ff-8860869ae53a,51711479-441b-4c02-aef7-517aca63a53f,133
8b0fa1ae-3abb-4131-84f8-a7013ba75e34,6fbf5a0a-cf5d-4567-89b5-eb5c4a16c4ab,35
8b1f8093-84aa-43af-9a3e-d780d10a740a,6fbf5a0a-cf5d-4567-89b5-eb5c4a16c4ab,159
8c196e62-1ddb-4162-8a82-8225e877f078,84444a0e-2905-46a8-bc93-5f566c0c1916,52
8c3dc930-716d-4eb3-be60-fcedea9f331e,84444a0e-2905-46a8-bc93-5f566c0c1916,139
8c475815-08f1-4c04-8d5b-c00215873203,6fbf5a0a-cf5d-4567-89b5-eb5c4a16c4ab,247
8c5e85b5-3645-4181-84e7-6904cd6ebfbf,074123e7-cd90-4500-86fe-286aaa733bf5,52
8c6b71b8-1e56-4cac-ae44-ea2dc0cbfc71,84444a0e-2905-46a8-bc93-5f566c0c1916,88
8cafc9f4-0f0d-47fa-8dd0-6597e3785c09,6fbf5a0a-cf5d-4567-89b5-eb5c4a16c4ab,225
8d01149c-a443-4812-941c-4e56f36625d7,cc1ffb2e-5555-4109-8ad8-2d49cb54ad10,13
8d0af0b6-e798-4a81-bd97-b33049bacb73,afcb6b4e-a0c0-46ce-b38c-c96329c91471,5
8d41f9e4-bbc6-414d-bc4e-08c30caf7b0f,074123e7-cd90-4500-86fe-286aaa733bf5,212
8d96f060-ac20-4045-8735-4139f6836e6a,6fbf5a0a-cf5d-4567-89b5-eb5c4a16c4ab,112
8ec5de3f-d310-4849-8e24-7b91f1a5fd19,b7489f46-1d28-4c69-9901-3fb8bf9b85a6,53
8ec8fa7b-7048-42ac-a9dd-15f91a07b554,6fbf5a0a-cf5d-4567-89b5-eb5c4a16c4ab,15
8f715bb0-1871-4b83-bd04-b549af0fc4e4,b7489f46-1d28-4c69-9901-3fb8bf9b85a6,133
8fdecfaa-9711-4671-823b-34f717232849,074123e7-cd90-4500-86fe-286aaa733bf5,110
919db96b-3670-4a1e-9a4d-9591f38f8ef4,074123e7-cd90-4500-86fe-286aaa733bf5,146
91d84b86-36b4-4bba-8cb2-b70e2c39aa6a,074123e7-cd90-4500-86fe-286aaa733bf5,21
91f060a9-d6cc-48e2-8ad9-362ab1b25fe2,cc1ffb2e-5555-4109-8ad8-2d49cb54ad10,48
9356a755-f908-432b-85f7-a97a5fdacbbb,6fbf5a0a-cf5d-4567-89b5-eb5c4a16c4ab,305
93b0f6db-34e2-4a05-9f9c-98128cfbabf7,afcb6b4e-a0c0-46ce-b38c-c96329c91471,77
941ca60f-18fc-4321-a257-c6a656e1b5ec,84444a0e-2905-46a8-bc93-5f566c0c1916,112
9455ad1a-55b6-44a1-82bc-7d21bc948f5c,51711479-441b-4c02-aef7-517aca63a53f,80
9455ad1a-55b6-44a1-82bc-7d21bc948f5c,cc1ffb2e-5555-4109-8ad8-2d49cb54ad10,10
94567b9a-b4b8-4e3b-b5a4-512a8ed3b98e,6fbf5a0a-cf5d-4567-89b5-eb5c4a16c4ab,225
94a09f74-2d8c-4379-92ad-7fe5b02ec188,6fbf5a0a-cf5d-4567-89b5-eb5c4a16c4ab,11
953768c5-32fa-4190-8fee-1da82d8710bc,afcb6b4e-a0c0-46ce-b38c-c96329c91471,62
968ac323-b290-4105-b0da-e32be8d20cdf,cc1ffb2e-5555-4109-8ad8-2d49cb54ad10,34
96e1f8e7-a8ec-419e-9e9e-20d8e7e3b703,074123e7-cd90-4500-86fe-286aaa733bf5,394
97dfd7f0-d970-46b9-9f97-ffa59b4e5985,6fbf5a0a-cf5d-4567-89b5-eb5c4a16c4ab,143
98383f31-19be-4f13-b5a0-21ab5f90319f,074123e7-cd90-4500-86fe-286aaa733bf5,74
987de286-9e47-48fa-9fb6-c085f6e228a5,6fbf5a0a-cf5d-4567-89b5-eb5c4a16c4ab,94
988aaef5-55d8-4efd-a2aa-8a17e687965e,afcb6b4e-a0c0-46ce-b38c-c96329c91471,59
98d27851-3ec8-417a-91f6-ddb73152d048,b7489f46-1d28-4c69-9901-3fb8bf9b85a6,27
991f1415-21d7-45f2-8352-4c24463c3464,b7489f46-1d28-4c69-9901-3fb8bf9b85a6,46
9964e63b-8515-4c8d-8e0f-b3d0a58b0e96,074123e7-cd90-4500-86fe-286aaa733bf5,143
998220c4-359b-4273-ae3b-e5e14c95ed6e,6fbf5a0a-cf5d-4567-89b5-eb5c4a16c4ab,33
99d7589c-83a6-4b51-8191-30323f8f544c,074123e7-cd90-4500-86fe-286aaa733bf5,70
9a728695-796c-4e6f-bdc2-96c5bd64fbea,074123e7-cd90-4500-86fe-286aaa733bf5,22
9a8356dc-9a3f-4926-a59e-67ab01bdc5bf,074123e7-cd90-4500-86fe-286aaa733bf5,199
9a8ab2df-ad4b-4779-88d1-afabba18800a,6fbf5a0a-cf5d-4567-89b5-eb5c4a16c4ab,42
9aa26120-778c-4a2c-b006-7f2c5a485392,b7489f46-1d28-4c69-9901-3fb8bf9b85a6,4
9bb87c84-0d85-4fd6-bdf9-197541697b0d,074123e7-cd90-4500-86fe-286aaa733bf5,288
9bcc366c-bbda-48a7-866d-83039416a1c1,074123e7-cd90-4500-86fe-286aaa733bf5,116
9bec904c-7776-4560-b600-45fbcebe7ad9,b7489f46-1d28-4c69-9901-3fb8bf9b85a6,183
9c4008ad-9e93-4205-b748-5655f3ba1e82,84444a0e-2905-46a8-bc93-5f566c0c1916,19
9c66d416-e194-4faf-8c63-8ca4e28aefff,6fbf5a0a-cf5d-4567-89b5-eb5c4a16c4ab,105
9ca7abb1-91ca-4070-9fbd-f41cb954c732,6fbf5a0a-cf5d-4567-89b5-eb5c4a16c4ab,141
9cba7a76-428f-45f6-aa2f-2c2e6fd5d342,074123e7-cd90-4500-86fe-286aaa733bf5,91
9cbe5aae-cd72-4315-8ef2-7c6dfbb3b9b3,b7489f46-1d28-4c69-9901-3fb8bf9b85a6,33
9d1c473d-7df0-4f60-9509-ab6b2027b72a,6fbf5a0a-cf5d-4567-89b5-eb5c4a16c4ab,117
9d575ae7-83ad-4087-b0fc-76997eebd13f,6fbf5a0a-cf5d-4567-89b5-eb5c4a16c4ab,54
9d76c63a-231b-4422-9e55-eab991cf35bd,6fbf5a0a-cf5d-4567-89b5-eb5c4a16c4ab,349
9db6897b-d8ed-490e-a59a-5f18879f5914,afcb6b4e-a0c0-46ce-b38c-c96329c91471,14
9dbf3e36-4a40-4cb0-93e0-942304459b10,074123e7-cd90-4500-86fe-286aaa733bf5,325
9dd7910c-ce82-41a8-a296-81b8b343f3d1,6fbf5a0a-cf5d-4567-89b5-eb5c4a16c4ab,214
9e8c9433-b709-44f8-90e0-52e5889f778e,074123e7-cd90-4500-86fe-286aaa733bf5,142
9eae7988-8770-45bf-9d85-865c5936847d,074123e7-cd90-4500-86fe-286aaa733bf5,231
9f74933a-3b9d-4311-b307-94405c534c80,074123e7-cd90-4500-86fe-286aaa733bf5,145
9fda2f36-84dc-455f-ad10-93b2c9720a57,6fbf5a0a-cf5d-4567-89b5-eb5c4a16c4ab,52
9ff6bab6-169a-4efb-b6f5-55bb4e6e9b05,074123e7-cd90-4500-86fe-286aaa733bf5,43
a00a905e-90af-4f63-92b5-eefaf79efe4b,84444a0e-2905-46a8-bc93-5f566c0c1916,60
a06314f1-64f4-433d-984c-c0a614187ca1,cc1ffb2e-5555-4109-8ad8-2d49cb54ad10,130
a085ec52-a73b-4732-92ee-0c574574937c,84444a0e-2905-46a8-bc93-5f566c0c1916,174
a0bddad5-f30a-4669-8252-81a198fb5f01,cc1ffb2e-5555-4109-8ad8-2d49cb54ad10,59
a0d00b54-a16f-4d32-a59b-71f445f8bba4,074123e7-cd90-4500-86fe-286aaa733bf5,244
a0e88255-a112-4691-9d28-345cd3e8ec5c,6fbf5a0a-cf5d-4567-89b5-eb5c4a16c4ab,389
a19b960c-93e4-42ad-a369-bf444ab85432,84444a0e-2905-46a8-bc93-5f566c0c1916,4
a1adc4a0-86be-47e5-bed4-bd69a797e248,84444a0e-2905-46a8-bc93-5f566c0c1916,241
a21ac54a-e190-486c-b805-c83b89589f2a,cc1ffb2e-5555-4109-8ad8-2d49cb54ad10,52
a22f97f0-f465-481f-8214-bb9abbd2de65,6fbf5a0a-cf5d-4567-89b5-eb5c4a16c4ab,201
a25014c3-2a12-45ea-965e-4f52fb568c49,cc1ffb2e-5555-4109-8ad8-2d49cb54ad10,12
a3ac1e2d-7dc6-4ff1-a8df-bb6ff0f52e67,074123e7-cd90-4500-86fe-286aaa733bf5,35
a446e23a-ace7-4cb4-b630-9f50a52248fe,074123e7-cd90-4500-86fe-286aaa733bf5,191
a4731ce5-eea0-498f-9b6d-8e9204df6141,074123e7-cd90-4500-86fe-286aaa733bf5,130
a529b739-6b5f-4de0-8f44-e191084cb493,6fbf5a0a-cf5d-4567-89b5-eb5c4a16c4ab,182
a53c10d3-a366-4c77-86fd-37991cf78408,84444a0e-2905-46a8-bc93-5f566c0c1916,7
a5ea26d8-e7e6-4d3a-bfbf-e2e673b837ec,cc1ffb2e-5555-4109-8ad8-2d49cb54ad10,167
a6ef4a1e-cc89-45f4-a3ac-252c3dce289b,6fbf5a0a-cf5d-4567-89b5-eb5c4a16c4ab,453
a723f190-7f19-4d03-9309-8d864c26f2e9,b7489f46-1d28-4c69-9901-3fb8bf9b85a6,33
a75c4d5d-1e93-4e17-b485-841464261b98,b7489f46-1d28-4c69-9901-3fb8bf9b85a6,1
a7a44fc5-6bb1-457d-9a3d-c5846f225380,074123e7-cd90-4500-86fe-286aaa733bf5,111
a7ac16c5-f594-4174-9c1c-f6eeec411130,b7489f46-1d28-4c69-9901-3fb8bf9b85a6,287
a7c8635d-ceb3-4dc2-a1f8-938fdeeac2ff,b7489f46-1d28-4c69-9901-3fb8bf9b85a6,31
a7f5d963-4717-4a28-aa09-6feaebf84bf1,84444a0e-2905-46a8-bc93-5f566c0c1916,31
a80098b9-af6d-4bd4-81eb-8e5376b0ac7b,6fbf5a0a-cf5d-4567-89b5-eb5c4a16c4ab,235
a82791eb-61d5-4496-a7b8-d8112e081649,074123e7-cd90-4500-86fe-286aaa733bf5,191
a82bbf6e-0982-45f0-b63b-3e221b8bf473,074123e7-cd90-4500-86fe-286aaa733bf5,132
a84ff79f-209e-409e-b5c8-e272b6f5ac74,074123e7-cd90-4500-86fe-286aaa733bf5,140
a93ed767-e7d6-4d29-b296-94519f37ae54,6fbf5a0a-cf5d-4567-89b5-eb5c4a16c4ab,77
a9aa34a9-026d-40de-be42-1d8064072a48,cc1ffb2e-5555-4109-8ad8-2d49cb54ad10,56
aa1af0db-085f-44fb-a63d-4edaa6a9e1b1,6fbf5a0a-cf5d-4567-89b5-eb5c4a16c4ab,174
aacc0a3b-3d7e-40ae-aefe-2591222b075f,afcb6b4e-a0c0-46ce-b38c-c96329c91471,36
abe71518-7f29-409e-bfd6-49da45a88e01,b7489f46-1d28-4c69-9901-3fb8bf9b85a6,120
ac0357e8-e6e3-4058-8841-54e0d88942eb,cc1ffb2e-5555-4109-8ad8-2d49cb54ad10,112
ac2f83ce-2eb9-408c-85c8-a57f7d45171d,074123e7-cd90-4500-86fe-286aaa733bf5,331
ac7e3fd2-2ea7-4bdf-bf73-2309718dfea4,074123e7-cd90-4500-86fe-286aaa733bf5,106
ad3c8d11-b356-4b49-b6d1-1f9329b82a4f,6fbf5a0a-cf5d-4567-89b5-eb5c4a16c4ab,70
ad4445df-ba06-486b-a1df-dcd1013db251,84444a0e-2905-46a8-bc93-5f566c0c1916,234
ad660174-aa90-47a2-b4b3-d19cb242fe2a,074123e7-cd90-4500-86fe-286aaa733bf5,109
ad71749e-1046-429d-a1ff-138d97035b84,6fbf5a0a-cf5d-4567-89b5-eb5c4a16c4ab,197
ada9b3bd-a10e-44c4-a6c5-8eebae2720ae,cc1ffb2e-5555-4109-8ad8-2d49cb54ad10,76
ade53c84-f641-46a7-8789-8ffaf230bd25,074123e7-cd90-4500-86fe-286aaa733bf5,106
adeee4ed-5118-4ffa-8ba6-610af6abedc4,6fbf5a0a-cf5d-4567-89b5-eb5c4a16c4ab,109
ae0ff1fd-4958-4cef-b57b-9d7bb5fb0998,afcb6b4e-a0c0-46ce-b38c-c96329c91471,56
ae4b8f3b-6524-4a8c-a8c7-bd7960f6966d,84444a0e-2905-46a8-bc93-5f566c0c1916,31
ae9a0809-4783-40b4-8acd-3875982e5edf,6fbf5a0a-cf5d-4567-89b5-eb5c4a16c4ab,351
aec6f794-905c-442a-b485-48ab75f09f57,84444a0e-2905-46a8-bc93-5f566c0c1916,105
af48541e-53ee-4c3b-a73b-ffb93dc881c5,cc1ffb2e-5555-4109-8ad8-2d49cb54ad10,22
af580fd0-3264-4285-bd5c-f066f8e34f2c,074123e7-cd90-4500-86fe-286aaa733bf5,185
afdb7961-b300-4344-8e0f-3d94d63ac900,84444a0e-2905-46a8-bc93-5f566c0c1916,89
b03877b2-5f20-495c-8e28-d9179bff0eb9,074123e7-cd90-4500-86fe-286aaa733bf5,158
b0532a5b-073a-4b6a-9a21-4d141a86b5f1,074123e7-cd90-4500-86fe-286aaa733bf5,138
b0966f14-dab9-4592-9d64-81bb9a34d0ea,cc1ffb2e-5555-4109-8ad8-2d49cb54ad10,134
b0d47d31-c019-4b62-b7ad-98228ddaaa67,6fbf5a0a-cf5d-4567-89b5-eb5c4a16c4ab,116
b238eed2-f485-4e57-a2d6-18ac993952ba,6fbf5a0a-cf5d-4567-89b5-eb5c4a16c4ab,74
b27c4bb0-a7ba-4039-bdf3-915166f94b46,84444a0e-2905-46a8-bc93-5f566c0c1916,11
b356e548-388e-4062-a3e7-9397703f2183,6fbf5a0a-cf5d-4567-89b5-eb5c4a16c4ab,18
b3a73dea-1cd4-4fd7-8bf5-ff9ccbd9ef17,6fbf5a0a-cf5d-4567-89b5-eb5c4a16c4ab,135
b3cd3412-0e89-4cea-a561-5206184995cd,6fbf5a0a-cf5d-4567-89b5-eb5c4a16c4ab,82
b406a439-bac0-4fed-9733-94c430be44d8,6fbf5a0a-cf5d-4567-89b5-eb5c4a16c4ab,66
b4929f9d-cc2e-401a-9af5-23fa9441a009,6fbf5a0a-cf5d-4567-89b5-eb5c4a16c4ab,33
b54c8eee-43c9-48f8-950b-fe3199ca55ee,074123e7-cd90-4500-86fe-286aaa733bf5,247
b607db1a-f141-44cd-b1c9-6374aa2d2ca0,b7489f46-1d28-4c69-9901-3fb8bf9b85a6,65
b63b584c-a69e-4e9d-ba57-efd9ecbeab77,b7489f46-1d28-4c69-9901-3fb8bf9b85a6,8
b65de460-03f9-4b2b-add2-658ac12a00fb,6fbf5a0a-cf5d-4567-89b5-eb5c4a16c4ab,141
b70a930f-c8a1-4c6a-ac66-5451cc8f8818,074123e7-cd90-4500-86fe-286aaa733bf5,91
b713f1de-4ca3-4b85-9910-6d31c49a9e7d,b7489f46-1d28-4c69-9901-3fb8bf9b85a6,1
b722ad7b-d41d-4510-9180-c581c5286ce5,074123e7-cd90-4500-86fe-286aaa733bf5,304
b7f09196-9615-48fa-88ce-939b56d9d74a,cc1ffb2e-5555-4109-8ad8-2d49cb54ad10,88
b80742de-4e3e-48e7-9a5b-ff7731c82327,074123e7-cd90-4500-86fe-286aaa733bf5,418
b8863ecc-4f68-4ea7-b34e-8d5a150c790d,b7489f46-1d28-4c69-9901-3fb8bf9b85a6,106
b8b53c0a-ca6b-4aa0-8ad9-f6be31b7b103,cc1ffb2e-5555-4109-8ad8-2d49cb54ad10,88
b8d212bf-8c9d-4368-b5d1-87c859ed8766,b7489f46-1d28-4c69-9901-3fb8bf9b85a6,11
b915de3b-d2ea-4fad-9f5a-02844418ae9f,84444a0e-2905-46a8-bc93-5f566c0c1916,11
b915de3b-d2ea-4fad-9f5a-02844418ae9f,b7489f46-1d28-4c69-9901-3fb8bf9b85a6,9
b9f50cbb-336f-4dd4-9c63-435d336398d0,cc1ffb2e-5555-4109-8ad8-2d49cb54ad10,72
ba4982b8-97a1-48ac-b6b3-84eeb1ff5e77,6fbf5a0a-cf5d-4567-89b5-eb5c4a16c4ab,102
ba499004-ccbf-42ce-92e9-3c8c38f088d8,cc1ffb2e-5555-4109-8ad8-2d49cb54ad10,91
ba593149-8b3c-4e1e-8df9-2b470c49a4f4,6fbf5a0a-cf5d-4567-89b5-eb5c4a16c4ab,99
bb3d0834-83be-4158-8d8e-6230178074a8,afcb6b4e-a0c0-46ce-b38c-c96329c91471,20
bbd6be62-432a-4e0b-b1f2-87e234968b8c,b7489f46-1d28-4c69-9901-3fb8bf9b85a6,144
bc577f47-c442-4b10-bea7-dd6febc0e115,6fbf5a0a-cf5d-4567-89b5-eb5c4a16c4ab,125
bc714b09-c2a9-414c-8f22-14c1f63eb297,074123e7-cd90-4500-86fe-286aaa733bf5,324
bd2e778f-8a57-4247-bbfd-76f2231fee5c,afcb6b4e-a0c0-46ce-b38c-c96329c91471,49
bef78922-5f35-4b0b-b66f-867376c44d6f,cc1ffb2e-5555-4109-8ad8-2d49cb54ad10,44
bf69b648-d21b-4ee8-bcdc-4b73187d60a7,b7489f46-1d28-4c69-9901-3fb8bf9b85a6,143
bf831286-0b84-4dd6-9256-6684659d9fa7,b7489f46-1d28-4c69-9901-3fb8bf9b85a6,74
bfcfcaa9-2f28-4ec4-8bee-db2116d178cc,cc1ffb2e-5555-4109-8ad8-2d49cb54ad10,116
bfeb0b98-5676-414b-a697-c788431b0bd5,074123e7-cd90-4500-86fe-286aaa733bf5,227
c0a54432-3243-455e-8daa-7d59680ef098,cc1ffb2e-5555-4109-8ad8-2d49cb54ad10,101
c0a9efb4-65db-4d51-8af2-f25fa51cffcb,074123e7-cd90-4500-86fe-286aaa733bf5,378
c0cb2f98-4801-4f44-ae5a-437023b36c9b,cc1ffb2e-5555-4109-8ad8-2d49cb54ad10,78
c0e68338-49f2-45e0-b74a-3d34f87e17e5,074123e7-cd90-4500-86fe-286aaa733bf5,206
c13971b0-f24d-4d53-acc7-3d7084039746,cc1ffb2e-5555-4109-8ad8-2d49cb54ad10,99
c189d1aa-2a19-4a55-822d-9e5022fdf89e,b7489f46-1d28-4c69-9901-3fb8bf9b85a6,95
c26105d2-1433-497f-9d5d-f4bdb203e8d8,cc1ffb2e-5555-4109-8ad8-2d49cb54ad10,345
c2df6a43-9caf-4e41-9ed5-690e15bde140,b7489f46-1d28-4c69-9901-3fb8bf9b85a6,50
c326fe66-ba20-4f8a-ac61-aa29258ea4c6,6fbf5a0a-cf5d-4567-89b5-eb5c4a16c4ab,106
c35e79d7-7132-4537-90ea-360e6ff9504f,b7489f46-1d28-4c69-9901-3fb8bf9b85a6,26
c3a0a923-1861-45f5-996e-a504abc9769a,84444a0e-2905-46a8-bc93-5f566c0c1916,51
c4b1dd58-ab2e-4428-9e3b-bb86de7a502b,074123e7-cd90-4500-86fe-286aaa733bf5,139
c532035b-8ce2-4b99-aa9e-2f049d8d6fe7,cc1ffb2e-5555-4109-8ad8-2d49cb54ad10,151
c57b5e43-11ba-4ec7-b911-2085b009e948,b7489f46-1d28-4c69-9901-3fb8bf9b85a6,463
c597e88c-6a9b-4bc3-912d-9d228105983f,b7489f46-1d28-4c69-9901-3fb8bf9b85a6,10
c5be8116-fdf5-4102-b67d-c698cb785c83,074123e7-cd90-4500-86fe-286aaa733bf5,129
c60853dd-e235-477c-a811-be1c3606c7fa,6fbf5a0a-cf5d-4567-89b5-eb5c4a16c4ab,225
c72c5a04-a6d8-45f3-9343-8f5cbdd2ba55,84444a0e-2905-46a8-bc93-5f566c0c1916,27
c77daec1-e6cb-4c64-bb0d-d720d5d5e0fa,074123e7-cd90-4500-86fe-286aaa733bf5,294
c7bb202e-6a69-4a84-9814-e55e6bd6d54b,074123e7-cd90-4500-86fe-286aaa733bf5,70
c8075223-472e-438e-b1a1-ce4c1b67f431,b7489f46-1d28-4c69-9901-3fb8bf9b85a6,41
c8157401-f787-4ea2-b805-285979fbe8a3,b7489f46-1d28-4c69-9901-3fb8bf9b85a6,119
c82c83a7-18bd-49bf-991f-cfb335876ee3,6fbf5a0a-cf5d-4567-89b5-eb5c4a16c4ab,174
c8490b35-10c6-4655-a810-2a7c023e8dfa,074123e7-cd90-4500-86fe-286aaa733bf5,198
c8b42c6e-6b41-47ba-b1a2-1feefda6d153,b7489f46-1d28-4c69-9901-3fb8bf9b85a6,266
c985759c-1ed2-4964-8c29-e17a0844e44a,afcb6b4e-a0c0-46ce-b38c-c96329c91471,87
c9e2802f-0b56-47e3-bd01-024cf585a478,b7489f46-1d28-4c69-9901-3fb8bf9b85a6,292
c9e3518a-04e5-4159-be32-49dba9137ed8,074123e7-cd90-4500-86fe-286aaa733bf5,133
cac17be2-db9c-426c-8a33-e97eee8bb836,074123e7-cd90-4500-86fe-286aaa733bf5,99
cb17027b-c85f-42b9-8afd-855f5e96663c,074123e7-cd90-4500-86fe-286aaa733bf5,16
cba71e6c-fbe0-4ee8-9fc6-b68525a2168b,84444a0e-2905-46a8-bc93-5f566c0c1916,48
cbe8fdf5-ba7d-4fcd-b4ab-3cd7a9e03f43,074123e7-cd90-4500-86fe-286aaa733bf5,76
cbf14511-5924-4cac-959b-b4418a615ac7,6fbf5a0a-cf5d-4567-89b5-eb5c4a16c4ab,184
cc79d3fc-ccc0-48a2-8621-76b70b37ca0f,cc1ffb2e-5555-4109-8ad8-2d49cb54ad10,128
cc97baa9-e2ff-49ef-8826-f678e26a8c26,6fbf5a0a-cf5d-4567-89b5-eb5c4a16c4ab,169
ccbdcef6-89cf-42c0-b521-26b93e6b6bfa,84444a0e-2905-46a8-bc93-5f566c0c1916,30
cce046d1-8f64-4649-aaaa-cec2665bb5a1,074123e7-cd90-4500-86fe-286aaa733bf5,68
cce1092c-18e7-4698-8494-7e7a6ae5c695,84444a0e-2905-46a8-bc93-5f566c0c1916,9
cd153e51-34e6-48b9-965a-a3f5a654dd3e,074123e7-cd90-4500-86fe-286aaa733bf5,319
ce1c0497-f5d6-42ca-a759-98caab29f85b,074123e7-cd90-4500-86fe-286aaa733bf5,147
ce35908a-be5c-4205-bd00-1da480213538,cc1ffb2e-5555-4109-8ad8-2d49cb54ad10,153
ce4be29a-7c0e-4d75-93a6-4452c19003c7,b7489f46-1d28-4c69-9901-3fb8bf9b85a6,44
ceacd30b-36ff-413e-9d7d-c389ad5086cf,6fbf5a0a-cf5d-4567-89b5-eb5c4a16c4ab,321
ceb537f7-5bae-475e-8fa0-0806abaaf831,074123e7-cd90-4500-86fe-286aaa733bf5,120
ceb5e408-d782-4b6d-bbd9-b04b88f5de67,afcb6b4e-a0c0-46ce-b38c-c96329c91471,14
cefdd6d6-0e39-451a-b129-1a839375ec81,6fbf5a0a-cf5d-4567-89b5-eb5c4a16c4ab,89
cf3860de-cbbb-4e72-bf16-9e70cf28bb9f,074123e7-cd90-4500-86fe-286aaa733bf5,240
cf8a89c5-e36d-4390-959d-8e4d7b5e9e8c,cc1ffb2e-5555-4109-8ad8-2d49cb54ad10,42
d00636be-958e-4009-b4d8-372ccb6c4de0,6fbf5a0a-cf5d-4567-89b5-eb5c4a16c4ab,288
d00fedfb-fa0b-4005-a5ad-5dd487a11919,6fbf5a0a-cf5d-4567-89b5-eb5c4a16c4ab,19
d062f782-0605-403c-86ce-8660c98d2d49,6fbf5a0a-cf5d-4567-89b5-eb5c4a16c4ab,213
d07d077c-0837-4ab0-9585-780309a223eb,074123e7-cd90-4500-86fe-286aaa733bf5,47
d09b511b-3d6c-45d7-bf1a-911698249315,84444a0e-2905-46a8-bc93-5f566c0c1916,365
d0b28b2e-963e-4432-b800-f56b9ab24024,074123e7-cd90-4500-86fe-286aaa733bf5,582
d11496f8-4bf0-4a63-964f-d7af29d73569,b7489f46-1d28-4c69-9901-3fb8bf9b85a6,79
d1221601-eb19-4a6c-9e97-e3ddcf960386,6fbf5a0a-cf5d-4567-89b5-eb5c4a16c4ab,149
d1643d33-9332-4bbf-ad92-49e918b06f8c,074123e7-cd90-4500-86fe-286aaa733bf5,25
d1f06dc8-661f-4e3c-95b7-b35b94aa251f,6fbf5a0a-cf5d-4567-89b5-eb5c4a16c4ab,34
d1f09e66-6592-4fb2-9589-b8ae4edf93c0,cc1ffb2e-5555-4109-8ad8-2d49cb54ad10,53
d251010f-2098-4643-b989-2aa5cc9f8c53,cc1ffb2e-5555-4109-8ad8-2d49cb54ad10,241
d27f220b-55af-4c76-89e4-b6b7796d0a0e,074123e7-cd90-4500-86fe-286aaa733bf5,342
d2e9cd78-0db5-47b7-ab1b-d7645050fa8a,074123e7-cd90-4500-86fe-286aaa733bf5,478
d3da6d82-4012-4c2c-a7eb-152f0ec23947,074123e7-cd90-4500-86fe-286aaa733bf5,72
d3de98b6-a62c-44b8-9351-f074e4cdb106,6fbf5a0a-cf5d-4567-89b5-eb5c4a16c4ab,173
d3e1ebed-740a-48b4-b043-0a452030b35a,84444a0e-2905-46a8-bc93-5f566c0c1916,128
d435e9ad-ee6e-4e76-a46b-ad7aa9a268a0,6fbf5a0a-cf5d-4567-89b5-eb5c4a16c4ab,156
d4e204b6-dcc4-43d5-a334-3cabd29eead9,074123e7-cd90-4500-86fe-286aaa733bf5,214
d5a3f828-26db-45a5-bc79-60269b2446b1,6fbf5a0a-cf5d-4567-89b5-eb5c4a16c4ab,223
d5abdd87-019e-450f-926a-4dde17142263,84444a0e-2905-46a8-bc93-5f566c0c1916,181
d5b983a7-584b-4078-b657-a4f523930195,6fbf5a0a-cf5d-4567-89b5-eb5c4a16c4ab,165
d605183a-9ffe-41ae-ab27-d76dbb3d8a9d,074123e7-cd90-4500-86fe-286aaa733bf5,100
d607faa5-11b5-4ea6-bd6b-03715d8bd6cc,b7489f46-1d28-4c69-9901-3fb8bf9b85a6,78
d6d5a2c4-a2ab-46dd-9f6c-eb7a0e58ecc9,cc1ffb2e-5555-4109-8ad8-2d49cb54ad10,43
d76083a0-6c0d-446c-82e3-723a6d27c098,cc1ffb2e-5555-4109-8ad8-2d49cb54ad10,144
d7d097cd-1dbf-4f83-82cc-9656d2894374,074123e7-cd90-4500-86fe-286aaa733bf5,326
d8162b25-20f6-438f-aa87-cd909db84d9d,84444a0e-2905-46a8-bc93-5f566c0c1916,95
d89259e6-5688-4097-9ac7-37043297f498,84444a0e-2905-46a8-bc93-5f566c0c1916,3
d8fbb330-6da0-4458-9b11-fbeae8ce4fc7,6fbf5a0a-cf5d-4567-89b5-eb5c4a16c4ab,255
d9025de9-f4ac-4c67-990d-5754b0b86984,6fbf5a0a-cf5d-4567-89b5-eb5c4a16c4ab,370
d92a6267-7fbb-4b28-846c-8f32228c5e0d,074123e7-cd90-4500-86fe-286aaa733bf5,68
d9afcfa5-9199-471d-bfd6-ebcc2486aa6e,b7489f46-1d28-4c69-9901-3fb8bf9b85a6,52
d9bca1fc-1403-469f-b043-9d944500a6e7,afcb6b4e-a0c0-46ce-b38c-c96329c91471,155
d9dfd7fa-cdfd-4f5f-a887-f938ebdb18d4,6fbf5a0a-cf5d-4567-89b5-eb5c4a16c4ab,56
da13a604-b86c-47a6-808d-7167d85a0933,074123e7-cd90-4500-86fe-286aaa733bf5,266
da64060b-a0b8-44e5-a96a-bcb590752e1d,b7489f46-1d28-4c69-9901-3fb8bf9b85a6,371
daeba510-5d95-4fd5-89a4-9533c56a7643,84444a0e-2905-46a8-bc93-5f566c0c1916,142
db24d53d-40a6-40e2-bebf-cc72604cc382,6fbf5a0a-cf5d-4567-89b5-eb5c4a16c4ab,46
dba5a072-6c52-45a1-a29b-0749eb6e6b3a,b7489f46-1d28-4c69-9901-3fb8bf9b85a6,88
dc0157d5-b5b5-4100-9e67-2fb4dcaa08f9,b7489f46-1d28-4c69-9901-3fb8bf9b85a6,83
dc28e7ae-4a4a-494c-bffa-a7036fff14cb,6fbf5a0a-cf5d-4567-89b5-eb5c4a16c4ab,242
dc7b7beb-d4c1-4916-99e4-344709121030,b7489f46-1d28-4c69-9901-3fb8bf9b85a6,67
dcd473ef-d1f6-4b05-a2c3-b03f71bc8c33,6fbf5a0a-cf5d-4567-89b5-eb5c4a16c4ab,139
dd3499c0-5a33-4faf-b245-637a87138661,84444a0e-2905-46a8-bc93-5f566c0c1916,286
de0b62ec-112f-45d0-a179-12425c433a34,074123e7-cd90-4500-86fe-286aaa733bf5,121
de507012-cb0c-445f-9cb6-9bdd00e82ecf,074123e7-cd90-4500-86fe-286aaa733bf5,279
de8a6608-2b0d-410e-bb68-66a845f46c89,074123e7-cd90-4500-86fe-286aaa733bf5,133
deb2f50b-fdc8-48f2-9795-248efffd658e,6fbf5a0a-cf5d-4567-89b5-eb5c4a16c4ab,128
dec93d17-0d97-4384-9ad1-f462a8b12ee1,b7489f46-1d28-4c69-9901-3fb8bf9b85a6,4
dee74669-b1ed-41df-bf06-177c5766071d,6fbf5a0a-cf5d-4567-89b5-eb5c4a16c4ab,79
deea2192-d298-4ecf-84f8-6262290c0f3b,6fbf5a0a-cf5d-4567-89b5-eb5c4a16c4ab,54
defb1dd0-c736-4a77-b0ac-0d9add9f372b,b7489f46-1d28-4c69-9901-3fb8bf9b85a6,378
df3d5806-6ccb-4711-96e0-eb91f30b6c2a,84444a0e-2905-46a8-bc93-5f566c0c1916,73
e02dd936-91d5-4cd2-8bcc-d15a56cf7400,074123e7-cd90-4500-86fe-286aaa733bf5,50
e0341b71-28a9-448e-b0a7-0e8efbbdad65,074123e7-cd90-4500-86fe-286aaa733bf5,101
e08fab56-53e0-4ecd-b42a-dbb6759fcc4e,6fbf5a0a-cf5d-4567-89b5-eb5c4a16c4ab,292
e09abaf9-c6a9-47ce-8b3e-a6fc1ae60a62,b7489f46-1d28-4c69-9901-3fb8bf9b85a6,56
e305f4a9-18fb-4818-97de-cef5f63fe845,84444a0e-2905-46a8-bc93-5f566c0c1916,237
e3802510-e8b2-4e37-a5aa-a2df060e44e6,b7489f46-1d28-4c69-9901-3fb8bf9b85a6,28
e3b4a238-12ad-4519-a591-2b39cc8882a8,b7489f46-1d28-4c69-9901-3fb8bf9b85a6,18
e3d4cfb6-9459-4d17-8690-e4613e4d4e26,074123e7-cd90-4500-86fe-286aaa733bf5,294
e43e63aa-a262-4026-8f2f-116641a528fb,074123e7-cd90-4500-86fe-286aaa733bf5,189
e4487b9b-5183-4aaa-8044-6b091cfb48bd,074123e7-cd90-4500-86fe-286aaa733bf5,133
e4ed043b-e399-42e9-8ff7-5415ca1ae7dd,074123e7-cd90-4500-86fe-286aaa733bf5,111
e553045c-d9e7-4209-b8d5-62ce577b29d7,6fbf5a0a-cf5d-4567-89b5-eb5c4a16c4ab,64
e6240556-2492-4c2f-95aa-0571f6268717,074123e7-cd90-4500-86fe-286aaa733bf5,147
e659a90c-eb0d-4b53-8672-40c622af6176,b7489f46-1d28-4c69-9901-3fb8bf9b85a6,1
e6af885d-1482-40b4-91bd-67048726f729,6fbf5a0a-cf5d-4567-89b5-eb5c4a16c4ab,62
e6cbdadb-c6f7-4b7f-b03b-9ddfb5aedf1e,cc1ffb2e-5555-4109-8ad8-2d49cb54ad10,66
e71400ab-ca29-4b25-87d2-bddb4f1208ec,6fbf5a0a-cf5d-4567-89b5-eb5c4a16c4ab,108
e7dbb0ad-caf6-4440-bb48-d646aad3cb8d,b7489f46-1d28-4c69-9901-3fb8bf9b85a6,92
e801eb1c-bc55-4150-849f-faabf51dc54c,6fbf5a0a-cf5d-4567-89b5-eb5c4a16c4ab,44
e8fe38f3-4eba-4e33-813b-5dcc4f103333,074123e7-cd90-4500-86fe-286aaa733bf5,264
e937f6c9-8c39-4b4f-a8f9-6951baa7ee92,6fbf5a0a-cf5d-4567-89b5-eb5c4a16c4ab,172
e9cb2c17-71ff-45da-bcbe-7895dc0bc63a,b7489f46-1d28-4c69-9901-3fb8bf9b85a6,126
ea8c4762-b8fa-4ad3-bb1d-b1ceb86ee737,84444a0e-2905-46a8-bc93-5f566c0c1916,68
eab898ed-99b3-4c53-bb03-0bdc5778f83a,6fbf5a0a-cf5d-4567-89b5-eb5c4a16c4ab,260
eba0e067-a71c-4b2d-9626-b9ee3150bd84,6fbf5a0a-cf5d-4567-89b5-eb5c4a16c4ab,221
eba75193-7c81-4ce3-a268-8ba1d359965c,6fbf5a0a-cf5d-4567-89b5-eb5c4a16c4ab,192
ebf10fba-a5e0-4f42-ba16-af21cb742432,074123e7-cd90-4500-86fe-286aaa733bf5,215
ec9a16a2-9aa8-4e29-8a1b-791d433191b5,84444a0e-2905-46a8-bc93-5f566c0c1916,109
ecaf8630-e511-44ec-ac2f-f55530c7e260,afcb6b4e-a0c0-46ce-b38c-c96329c91471,15
ecb8924f-931a-4e82-93ea-e6c740a20212,6fbf5a0a-cf5d-4567-89b5-eb5c4a16c4ab,143
eccad7b2-f533-4479-8342-c457275e39c8,b7489f46-1d28-4c69-9901-3fb8bf9b85a6,32
ed48a75f-d0aa-46d9-9688-207fa2fa5039,6fbf5a0a-cf5d-4567-89b5-eb5c4a16c4ab,158
ed4e4f76-c1a3-4887-ad22-0ab932bbdf15,6fbf5a0a-cf5d-4567-89b5-eb5c4a16c4ab,268
ed97c30e-d078-4c7f-8171-9944801e2e88,074123e7-cd90-4500-86fe-286aaa733bf5,161
ed97d4b1-f967-42ea-a606-c782f70e8569,6fbf5a0a-cf5d-4567-89b5-eb5c4a16c4ab,239
edf4f0cb-c9d0-4832-a718-d3e2acc461f1,cc1ffb2e-5555-4109-8ad8-2d49cb54ad10,111
ee2278e6-263e-438d-89fc-00b8f9eff85f,cc1ffb2e-5555-4109-8ad8-2d49cb54ad10,62
ee4a8d0a-264a-4bca-a89b-6f8f8858fb02,6fbf5a0a-cf5d-4567-89b5-eb5c4a16c4ab,286
ee613842-fa02-42dd-800e-c93a4cb48d46,51711479-441b-4c02-aef7-517aca63a53f,12
eed4f6da-086b-4be5-ab62-9536866d86b6,cc1ffb2e-5555-4109-8ad8-2d49cb54ad10,59
eefe5e34-9386-4dd4-b052-f518344fb927,84444a0e-2905-46a8-bc93-5f566c0c1916,59
ef0ecb24-ca4c-4c43-94fc-4b9a15f38042,074123e7-cd90-4500-86fe-286aaa733bf5,29
ef0ecb24-ca4c-4c43-94fc-4b9a15f38042,cc1ffb2e-5555-4109-8ad8-2d49cb54ad10,61
ef11d019-c871-453b-9209-1574810b94e2,cc1ffb2e-5555-4109-8ad8-2d49cb54ad10,130
ef164b41-44e0-42d6-9720-77447fb36c9c,cc1ffb2e-5555-4109-8ad8-2d49cb54ad10,177
ef4b7e0d-eed3-4219-9aa6-7215388a1eeb,b7489f46-1d28-4c69-9901-3fb8bf9b85a6,66
ef8e47cc-604d-46fd-b33b-19f59e3dcb01,6fbf5a0a-cf5d-4567-89b5-eb5c4a16c4ab,123
efabffd0-dcba-4c88-910c-adfd1857f137,6fbf5a0a-cf5d-4567-89b5-eb5c4a16c4ab,220
f0475494-14ba-4ecb-8ee5-ec084fb7a191,6fbf5a0a-cf5d-4567-89b5-eb5c4a16c4ab,115
f06e96cb-cd66-4571-a12a-72e26c23d871,6fbf5a0a-cf5d-4567-89b5-eb5c4a16c4ab,49
f1374d2a-bd61-4575-8272-f20ee051ce6f,6fbf5a0a-cf5d-4567-89b5-eb5c4a16c4ab,378
f1733a31-055f-4c38-92c1-3f294ba94c35,074123e7-cd90-4500-86fe-286aaa733bf5,191
f1a4cfd2-b02f-4282-a329-d27d5526adc7,cc1ffb2e-5555-4109-8ad8-2d49cb54ad10,456
f1df3150-ad4c-480e-b3ef-e3494116401d,cc1ffb2e-5555-4109-8ad8-2d49cb54ad10,270
f2445393-a31f-4a5a-b86a-5ab0b07e0699,b7489f46-1d28-4c69-9901-3fb8bf9b85a6,383
f2a07470-550d-4584-a72f-95643e0d8805,074123e7-cd90-4500-86fe-286aaa733bf5,114
f3335e26-a06e-4e22-8410-356948424c55,b7489f46-1d28-4c69-9901-3fb8bf9b85a6,3
f3c772d9-2b62-4d57-8f48-fdd94b3fce60,074123e7-cd90-4500-86fe-286aaa733bf5,368
f41534ae-0785-4cb6-92a3-1d457208ff28,074123e7-cd90-4500-86fe-286aaa733bf5,39
f4473161-1910-4c85-bc6f-edf0145d2ec6,6fbf5a0a-cf5d-4567-89b5-eb5c4a16c4ab,271
f4a10383-174f-4ca6-b7a0-1150d9e591e3,6fbf5a0a-cf5d-4567-89b5-eb5c4a16c4ab,28
f4fff4e8-0730-428e-8366-750cf0dee972,6fbf5a0a-cf5d-4567-89b5-eb5c4a16c4ab,420
f52bcfe1-c230-4093-ae99-c46781171178,074123e7-cd90-4500-86fe-286aaa733bf5,462
f554605b-ae4d-4f56-ac22-b6ababd9d497,84444a0e-2905-46a8-bc93-5f566c0c1916,30
f5639e45-c2d7-444f-bfc9-4b840fc88789,b7489f46-1d28-4c69-9901-3fb8bf9b85a6,378
f5b84411-fc45-422d-a9d4-44fa4279b6d0,51711479-441b-4c02-aef7-517aca63a53f,68
f5fd620e-b443-47b5-bc2a-0be50a981b2c,074123e7-cd90-4500-86fe-286aaa733bf5,165
f6048ebc-5baf-42f1-8faf-da4a4a2c20d8,84444a0e-2905-46a8-bc93-5f566c0c1916,192
f686841b-8ead-475a-855e-444cbe449812,074123e7-cd90-4500-86fe-286aaa733bf5,119
f72f797b-cf8e-4b1f-befd-e2edbd4a609c,b7489f46-1d28-4c69-9901-3fb8bf9b85a6,62
f73782c4-852b-4171-a8ab-f116692bd2d2,6fbf5a0a-cf5d-4567-89b5-eb5c4a16c4ab,253
f7502c1b-c208-4f3c-85e4-726e19e9f618,6fbf5a0a-cf5d-4567-89b5-eb5c4a16c4ab,202
f764b54b-57e9-4751-9d9e-3d513fdb0202,6fbf5a0a-cf5d-4567-89b5-eb5c4a16c4ab,116
f775d167-e38c-4296-812d-05d7c5d44f8a,6fbf5a0a-cf5d-4567-89b5-eb5c4a16c4ab,240
f8a52b97-8427-4802-ac48-7897d867dae2,6fbf5a0a-cf5d-4567-89b5-eb5c4a16c4ab,194
fa027255-7e4d-4b79-91bf-a2a7b9f286a5,84444a0e-2905-46a8-bc93-5f566c0c1916,109
fa75cde4-fd89-4d3b-b5f8-f2f0bc9f03a6,074123e7-cd90-4500-86fe-286aaa733bf5,207
faa80c7f-4baa-4a70-abb0-867ad4d78138,cc1ffb2e-5555-4109-8ad8-2d49cb54ad10,80
fad1ad72-fcd9-489a-b07e-1951bc19e1a0,51711479-441b-4c02-aef7-517aca63a53f,30
fb209eba-f92e-4669-aa27-e0fecd43df1d,6fbf5a0a-cf5d-4567-89b5-eb5c4a16c4ab,85
fb493070-4d6c-4598-801a-693658af487b,6fbf5a0a-cf5d-4567-89b5-eb5c4a16c4ab,156
fb4e73e3-92cb-4ca3-aebe-1981b2e8aeda,b7489f46-1d28-4c69-9901-3fb8bf9b85a6,296
fb7c9a8b-7b0c-4907-90c1-3a6e5230b486,074123e7-cd90-4500-86fe-286aaa733bf5,570
fbc018fd-291a-4a71-9c94-fe71ce823ca0,84444a0e-2905-46a8-bc93-5f566c0c1916,51
fc483c14-fbc3-4351-9c85-74f405427a4e,84444a0e-2905-46a8-bc93-5f566c0c1916,270
fc61b68e-ee2f-4200-8e91-bb961fc76658,51711479-441b-4c02-aef7-517aca63a53f,166
fc8583cc-315d-4240-a516-ab7e4640ccaa,074123e7-cd90-4500-86fe-286aaa733bf5,119
fcc2ac8c-4937-4c5c-a236-8be1e150dcec,84444a0e-2905-46a8-bc93-5f566c0c1916,3
fcdfb64b-0dd7-4839-a76d-1bd3d688d5c0,cc1ffb2e-5555-4109-8ad8-2d49cb54ad10,122
fd0de4d8-f424-4391-a7b7-6b1b827c1257,cc1ffb2e-5555-4109-8ad8-2d49cb54ad10,62
fd2b27ac-109e-4512-9ab4-97953e1b168b,cc1ffb2e-5555-4109-8ad8-2d49cb54ad10,221
fd3993c4-9c4d-44ec-a266-00e142403b27,6fbf5a0a-cf5d-4567-89b5-eb5c4a16c4ab,72
fdc1aba7-30a8-4a3e-9482-74c37c15d578,84444a0e-2905-46a8-bc93-5f566c0c1916,97
fe0ceb22-dc85-48de-83ba-9afd18c33cff,074123e7-cd90-4500-86fe-286aaa733bf5,128
ff55bab4-812b-405b-9856-8bedf9fb11f9,b7489f46-1d28-4c69-9901-3fb8bf9b85a6,88
ff6ec9fe-de1d-4b45-8136-59465d9c85ab,b7489f46-1d28-4c69-9901-3fb8bf9b85a6,86
